Rk,Player,Age,G,GS,MP,FG,FGA,FG%,3P,3PA,3P%,2P,2PA,2P%,eFG%,FT,FTA,FT%,ORB,DRB,TRB,AST,STL,BLK,TOV,PF,PTS,team
1,Dejounte Murray,26,74,74,36.4,8.3,17.8,0.464,1.8,5.2,0.344,6.5,12.6,0.514,0.514,2.1,2.6,0.832,0.7,4.5,5.3,6.1,1.5,0.3,2.2,1.4,20.5,ATL
2,Trae Young,24,73,73,34.8,8.2,19,0.429,2.1,6.3,0.335,6.1,12.7,0.476,0.485,7.8,8.8,0.886,0.8,2.2,3,10.2,1.1,0.1,4.1,1.4,26.2,ATL
3,De'Andre Hunter,25,67,67,31.7,5.7,12.3,0.461,1.5,4.3,0.35,4.2,8,0.521,0.522,2.6,3.1,0.826,0.7,3.6,4.2,1.4,0.5,0.3,1.2,3,15.4,ATL
4,John Collins,25,71,71,30,5.1,10,0.508,1,3.4,0.292,4.1,6.6,0.619,0.557,2,2.5,0.803,1.1,5.4,6.5,1.2,0.6,1,1.1,3.1,13.1,ATL
5,Bogdan Bogdanović,30,54,9,27.9,5.1,11.3,0.447,2.7,6.7,0.406,2.4,4.6,0.506,0.566,1.2,1.4,0.831,0.4,2.6,3.1,2.8,0.8,0.3,1.2,1.6,14,ATL
6,Clint Capela,28,65,63,26.6,5.4,8.2,0.653,0,0,0,5.4,8.2,0.654,0.653,1.2,2,0.603,4,7.1,11,0.9,0.7,1.2,0.8,2.1,12,ATL
7,Saddiq Bey,23,25,7,25.2,4.3,9.2,0.47,2,5,0.4,2.3,4.2,0.552,0.578,1,1.2,0.862,1.6,3.2,4.8,1.4,0.8,0,0.7,1.5,11.6,ATL
8,Onyeka Okongwu,22,80,18,23.1,4,6.2,0.638,0.1,0.2,0.308,3.9,6.1,0.647,0.642,1.9,2.5,0.781,2.7,4.5,7.2,1,0.7,1.3,1,3.1,9.9,ATL
9,AJ Griffin,19,72,12,19.5,3.4,7.4,0.465,1.4,3.6,0.39,2,3.8,0.536,0.56,0.6,0.7,0.894,0.5,1.6,2.1,1,0.6,0.2,0.6,1.2,8.9,ATL
10,Jalen Johnson,21,70,6,14.9,2.3,4.6,0.491,0.4,1.5,0.288,1.8,3.1,0.587,0.537,0.7,1.1,0.628,0.7,3.3,4,1.2,0.5,0.5,0.6,1.6,5.6,ATL
11,Justin Holiday,33,28,0,14.7,1.7,4.5,0.384,1.1,3.1,0.345,0.6,1.4,0.474,0.504,0,0,NA,0.1,0.8,0.8,0.9,0.2,0.4,0.4,1.3,4.5,ATL
12,Jarrett Culver,23,10,1,13.7,1.7,4.3,0.395,0.1,1.2,0.083,1.6,3.1,0.516,0.407,0.9,1.3,0.692,1,2.8,3.8,0.6,0.6,0.2,0.7,1.4,4.4,ATL
13,Aaron Holiday,26,63,6,13.4,1.5,3.5,0.418,0.6,1.4,0.409,0.9,2.1,0.424,0.5,0.4,0.5,0.844,0.4,0.8,1.2,1.4,0.6,0.2,0.6,1.3,3.9,ATL
14,Trent Forrest,24,23,3,12,1.1,2.6,0.417,0,0.1,0,1.1,2.5,0.431,0.417,0.1,0.1,0.667,0.2,1.4,1.6,1.7,0.3,0.1,0.7,0.7,2.3,ATL
15,Garrison Mathews,26,9,0,9.3,1.4,3.4,0.419,1.1,2.8,0.4,0.3,0.7,0.5,0.581,0.8,0.9,0.875,0.1,1.1,1.2,0.3,0.1,0.1,0.1,0.7,4.8,ATL
16,Frank Kaminsky,29,26,0,6.8,1,1.7,0.568,0.4,0.9,0.478,0.5,0.8,0.667,0.693,0.4,0.5,0.833,0.1,1.3,1.4,0.8,0.2,0,0.3,0.8,2.7,ATL
17,Vit Krejci,22,29,0,5.7,0.5,1.3,0.405,0.2,0.7,0.238,0.3,0.6,0.625,0.473,0,0.1,0.5,0.2,0.7,0.9,0.6,0.2,0,0.2,0.6,1.2,ATL
18,Bruno Fernando,24,8,0,5.1,1.4,2.4,0.579,0,0.4,0,1.4,2,0.688,0.579,0.6,0.8,0.833,0.8,1.1,1.9,0.1,0,0.4,0.6,0.8,3.4,ATL
19,Tyrese Martin,23,16,0,4.1,0.6,1.4,0.391,0.1,0.4,0.143,0.5,1,0.5,0.413,0.1,0.1,1,0.3,0.4,0.8,0.1,0.1,0,0.1,0.1,1.3,ATL
20,Donovan Williams,21,2,0,2,1,2.5,0.4,0,1,0,1,1.5,0.667,0.4,0,0,NA,0,1,1,0,0,0,0,0,2,ATL
1,Jayson Tatum,24,74,74,36.9,9.8,21.1,0.466,3.2,9.3,0.35,6.6,11.8,0.558,0.543,7.2,8.4,0.854,1.1,7.7,8.8,4.6,1.1,0.7,2.9,2.2,30.1,BOS
2,Jaylen Brown,26,67,67,35.9,10.1,20.6,0.491,2.4,7.3,0.335,7.7,13.4,0.576,0.55,3.9,5.1,0.765,1.2,5.7,6.9,3.5,1.1,0.4,2.9,2.6,26.6,BOS
3,Marcus Smart,28,61,61,32.1,4.1,9.9,0.415,1.9,5.6,0.336,2.2,4.3,0.519,0.511,1.4,1.9,0.746,0.8,2.4,3.1,6.3,1.5,0.4,2.3,2.8,11.5,BOS
4,Al Horford,36,63,63,30.5,3.6,7.6,0.476,2.3,5.2,0.446,1.3,2.4,0.539,0.627,0.2,0.3,0.714,1.2,5,6.2,3,0.5,1,0.6,1.9,9.8,BOS
5,Derrick White,28,82,70,28.3,4.3,9.2,0.462,1.8,4.8,0.381,2.5,4.5,0.548,0.56,2,2.3,0.875,0.6,2.9,3.6,3.9,0.7,0.9,1.2,2.2,12.4,BOS
6,Malcolm Brogdon,30,67,0,26,5.3,10.9,0.484,2,4.4,0.444,3.3,6.5,0.51,0.574,2.4,2.7,0.87,0.6,3.6,4.2,3.7,0.7,0.3,1.5,1.6,14.9,BOS
7,Grant Williams,24,79,23,25.9,2.7,6,0.454,1.5,3.7,0.395,1.3,2.3,0.546,0.575,1.2,1.5,0.77,1.1,3.5,4.6,1.7,0.5,0.4,1,2.4,8.1,BOS
8,Robert Williams,25,35,20,23.5,3.6,4.9,0.747,0,0,0,3.6,4.8,0.751,0.747,0.7,1.2,0.61,3,5.4,8.3,1.4,0.6,1.4,1,1.9,8,BOS
9,Mike Muscala,31,20,4,16.2,2.1,4.5,0.472,1.3,3.3,0.385,0.9,1.2,0.708,0.612,0.5,0.7,0.692,0.7,2.7,3.4,0.6,0.2,0.3,0.5,1.4,5.9,BOS
10,Sam Hauser,25,80,8,16.1,2.3,5,0.455,1.8,4.2,0.418,0.5,0.8,0.656,0.631,0.2,0.2,0.706,0.4,2.1,2.6,0.9,0.4,0.3,0.4,1.2,6.4,BOS
11,Blake Griffin,33,41,16,13.9,1.5,3.2,0.485,0.6,1.6,0.348,1,1.6,0.625,0.573,0.5,0.8,0.656,1.1,2.6,3.8,1.5,0.3,0.2,0.5,1.8,4.1,BOS
12,Payton Pritchard,25,48,3,13.4,2.1,5.1,0.412,1.2,3.2,0.364,0.9,1.9,0.495,0.527,0.3,0.3,0.75,0.5,1.3,1.8,1.3,0.3,0,0.8,0.8,5.6,BOS
13,Luke Kornet,27,69,0,11.7,1.6,2.5,0.665,0,0.2,0.231,1.6,2.3,0.701,0.674,0.5,0.6,0.821,1.2,1.6,2.9,0.8,0.2,0.7,0.4,1.2,3.8,BOS
14,Justin Champagnie,21,2,0,11.5,1,6,0.167,0.5,2.5,0.2,0.5,3.5,0.143,0.208,0,0,NA,1,1,2,1.5,0.5,0,0,0.5,2.5,BOS
15,Mfiondu Kabengele,25,4,0,9,0.5,1.8,0.286,0,0.8,0,0.5,1,0.5,0.286,0.5,0.5,1,1.3,1.3,2.5,0,0.5,0,0.3,0.8,1.5,BOS
16,Noah Vonleh,27,23,1,7.4,0.5,1,0.458,0,0.2,0.25,0.4,0.9,0.5,0.479,0.1,0.1,1,0.8,1.3,2.1,0.3,0.1,0.3,0.5,1.5,1.1,BOS
17,JD Davison,20,12,0,5.5,0.7,1.6,0.421,0.2,0.6,0.286,0.5,1,0.5,0.474,0.1,0.2,0.5,0.2,0.6,0.8,0.9,0.2,0.2,0.3,0.4,1.6,BOS
18,Justin Jackson,27,23,0,4.7,0.3,1.2,0.259,0.2,0.9,0.25,0.1,0.3,0.286,0.352,0,0.1,0.5,0.1,0.7,0.7,0.4,0.2,0.2,0.1,0.3,0.9,BOS
1,Kyrie Irving,30,40,40,37,10,20.5,0.486,3.3,8.7,0.374,6.7,11.8,0.569,0.565,4,4.5,0.883,1,4.2,5.1,5.3,1,0.8,2.3,2.7,27.1,BRK
2,Kevin Durant,34,39,39,36,10.5,18.8,0.559,1.8,4.8,0.376,8.7,14,0.622,0.607,6.8,7.3,0.934,0.4,6.4,6.7,5.3,0.8,1.5,3.5,2.4,29.7,BRK
3,Spencer Dinwiddie,29,26,26,35.3,5.5,13.7,0.404,1.7,5.7,0.289,3.9,8,0.488,0.465,3.8,4.7,0.797,0.3,3.8,4.1,9.1,1.1,0.3,2.1,2.4,16.5,BRK
4,RaiQuan Gray,23,1,0,35,6,12,0.5,2,5,0.4,4,7,0.571,0.583,2,2,1,3,6,9,7,0,1,4,5,16,BRK
5,Mikal Bridges,26,27,27,34.2,8.9,18.6,0.475,2.5,6.7,0.376,6.3,11.9,0.531,0.543,5.9,6.6,0.894,0.9,3.6,4.5,2.7,1,0.6,1.8,1.6,26.1,BRK
6,Royce O'Neale,29,76,53,31.7,3,7.8,0.386,2.1,5.5,0.389,0.9,2.3,0.379,0.524,0.7,0.9,0.725,0.7,4.3,5.1,3.7,0.9,0.6,1.5,3.1,8.8,BRK
7,Cameron Johnson,26,25,25,30.8,5.6,12,0.468,2.3,6.2,0.372,3.3,5.8,0.572,0.565,3,3.5,0.851,0.8,4,4.8,2.1,1.4,0.3,1.1,2.2,16.6,BRK
8,Nic Claxton,23,76,76,29.9,5.4,7.7,0.705,0,0,0,5.4,7.7,0.708,0.705,1.8,3.2,0.541,2.4,6.8,9.2,1.9,0.9,2.5,1.3,2.8,12.6,BRK
9,Dorian Finney-Smith,29,26,26,27.7,2.6,7.3,0.351,1.4,4.7,0.306,1.2,2.7,0.429,0.448,0.6,0.7,0.789,1.8,3.1,4.9,1.6,0.7,0.6,1,2.5,7.2,BRK
10,Ben Simmons,26,42,33,26.3,3.2,5.6,0.566,0,0,0,3.2,5.5,0.571,0.566,0.6,1.4,0.439,1,5.3,6.3,6.1,1.3,0.6,2.3,3.3,6.9,BRK
11,Joe Harris,31,74,33,20.6,2.7,5.9,0.457,1.9,4.5,0.426,0.8,1.4,0.551,0.618,0.2,0.4,0.643,0.3,1.9,2.2,1.4,0.5,0.2,0.6,1.9,7.6,BRK
12,Seth Curry,32,61,7,19.9,3.4,7.4,0.463,1.5,3.8,0.405,1.9,3.6,0.525,0.568,0.8,0.9,0.927,0.2,1.4,1.6,1.6,0.6,0.1,0.8,1.6,9.2,BRK
13,T.J. Warren,29,26,0,18.8,3.9,7.7,0.51,0.6,1.8,0.333,3.3,5.8,0.566,0.55,1,1.3,0.818,0.5,2.3,2.8,1.1,0.6,0.3,0.7,1.7,9.5,BRK
14,Cam Thomas,21,57,4,16.6,3.5,8,0.441,0.9,2.3,0.383,2.6,5.7,0.464,0.497,2.6,3.1,0.868,0.1,1.5,1.7,1.4,0.4,0.1,1.1,1,10.6,BRK
15,Yuta Watanabe,28,58,1,16,2,4,0.491,1,2.3,0.444,0.9,1.7,0.557,0.621,0.6,0.8,0.723,0.5,1.9,2.4,0.8,0.4,0.3,0.4,1.4,5.6,BRK
16,Nerlens Noel,28,3,1,14.3,0.3,2,0.167,0,0,NA,0.3,2,0.167,0.167,0.3,0.7,0.5,1,2,3,1,1,0.3,1.7,2.3,1,BRK
17,Patty Mills,34,40,2,14.2,2.2,5.2,0.411,1.2,3.4,0.366,0.9,1.9,0.493,0.529,0.6,0.8,0.833,0.2,0.9,1.1,1.4,0.4,0.1,0.8,0.8,6.2,BRK
18,Edmond Sumner,27,53,12,13.9,2.3,5.1,0.461,0.6,1.6,0.356,1.8,3.4,0.511,0.519,1.9,2,0.917,0.2,1.2,1.5,1.3,0.6,0.2,0.9,1.6,7.1,BRK
19,Day'Ron Sharpe,21,48,3,11.5,1.9,3.6,0.544,0.1,0.2,0.545,1.8,3.3,0.544,0.561,0.7,1.1,0.636,2.1,2.1,4.2,0.8,0.3,0.7,0.9,1.9,4.7,BRK
20,Markieff Morris,33,27,1,10.6,1.2,3,0.402,0.7,1.8,0.408,0.5,1.2,0.394,0.524,0.4,0.4,1,0.5,1.7,2.2,0.9,0.3,0.2,0.5,1.2,3.6,BRK
21,David Duke Jr.,23,23,0,9.9,1.6,3.4,0.462,0,0.5,0.083,1.5,2.9,0.53,0.468,0.5,0.7,0.706,0.5,0.8,1.3,0.9,0.4,0,0.8,1.3,3.7,BRK
22,Dru Smith,25,10,0,9.1,1.3,3.1,0.419,0.4,1.3,0.308,0.9,1.8,0.5,0.484,0.3,0.3,1,0.1,1.4,1.5,1.7,0.6,0.1,0.2,1.3,3.3,BRK
23,Kessler Edwards,22,14,1,5.6,0.4,1.7,0.25,0.1,0.9,0.167,0.3,0.9,0.333,0.292,0.1,0.1,0.5,0.4,0.6,1,0.1,0.2,0.1,0.3,0.2,1.1,BRK
24,Alondes Williams,23,1,0,5,0,0,NA,0,0,NA,0,0,NA,NA,0,0,NA,0,1,1,0,0,0,2,1,0,BRK
25,Moses Brown,23,2,0,3,0,0,NA,0,0,NA,0,0,NA,NA,0,0,NA,0,0,0,0,0.5,0,0.5,0.5,0,BRK
1,Terry Rozier,28,63,63,35.3,7.8,18.9,0.415,2.6,8,0.327,5.2,10.8,0.48,0.484,2.8,3.5,0.809,0.8,3.3,4.1,5.1,1.2,0.3,2.1,1.9,21.1,CHO
2,LaMelo Ball,21,36,36,35.2,8.2,20,0.411,4,10.6,0.376,4.2,9.4,0.45,0.51,2.8,3.4,0.836,1.2,5.3,6.4,8.4,1.3,0.3,3.6,3.3,23.3,CHO
3,P.J. Washington,24,73,73,32.6,5.9,13.4,0.444,2,5.9,0.348,3.9,7.5,0.518,0.52,1.7,2.4,0.73,1,3.9,4.9,2.4,0.9,1.1,1.5,2.6,15.7,CHO
4,Kelly Oubre Jr.,27,48,40,32.3,7.4,17.1,0.431,2.3,7.1,0.319,5.1,10,0.51,0.497,3.3,4.3,0.76,1.4,3.8,5.2,1.1,1.4,0.4,1.3,2.9,20.3,CHO
5,Gordon Hayward,32,50,50,31.5,5.5,11.6,0.475,1,3.2,0.325,4.5,8.4,0.532,0.52,2.6,3.2,0.811,0.7,3.6,4.3,4.1,0.8,0.2,2,1.4,14.7,CHO
6,Mason Plumlee,32,56,56,28.5,4.7,7.1,0.669,0,0,NA,4.7,7.1,0.669,0.669,2.8,4.6,0.605,3.3,6.3,9.7,3.7,0.6,0.6,1.6,2.9,12.2,CHO
7,Jalen McDaniels,25,56,21,26.7,3.9,8.8,0.447,1.2,3.6,0.322,2.8,5.2,0.534,0.513,1.6,1.9,0.846,0.8,4,4.8,2,1.2,0.5,1.4,2.8,10.6,CHO
8,Dennis Smith Jr.,25,54,15,25.7,3.4,8.4,0.412,0.4,2.1,0.216,3,6.3,0.475,0.438,1.4,2,0.736,0.5,2.6,3.1,4.8,1.4,0.5,1.5,2.3,8.8,CHO
9,Svi Mykhailiuk,25,19,8,22.5,3.7,8.5,0.441,1.9,4.7,0.404,1.8,3.8,0.486,0.553,1.2,1.8,0.676,0.8,1.6,2.4,2.7,0.7,0.2,1.2,1.2,10.6,CHO
10,Théo Maledon,21,44,7,19.4,2.3,5.8,0.402,0.6,2.2,0.295,1.7,3.6,0.465,0.457,1.4,1.7,0.851,0.3,2.5,2.8,3.5,0.8,0.3,1.3,1.4,6.7,CHO
11,Mark Williams,21,43,17,19.3,3.7,5.8,0.637,0,0,NA,3.7,5.8,0.637,0.637,1.6,2.3,0.691,2.2,4.9,7.1,0.4,0.7,1,0.9,2.2,9,CHO
12,Cody Martin,27,7,0,19.1,2,5.1,0.389,0.4,2,0.214,1.6,3.1,0.5,0.431,0.6,1,0.571,1.1,2.3,3.4,1.6,0.6,0.1,0.3,1.9,5,CHO
13,Nick Richards,25,65,9,18.7,3,4.8,0.629,0,0,1,3,4.8,0.628,0.631,2.1,2.8,0.749,2.3,4.1,6.4,0.6,0.2,1.1,0.9,2.4,8.2,CHO
14,Bryce McGowens,20,46,7,17.1,1.7,4.4,0.396,0.6,1.7,0.325,1.2,2.7,0.443,0.46,1.3,1.7,0.75,0.4,1.6,2,1.2,0.3,0.1,0.9,1,5.3,CHO
15,James Bouknight,22,34,0,15.1,2,5.7,0.358,1,3.2,0.303,1.1,2.5,0.429,0.443,0.6,0.9,0.667,0.2,1.9,2.1,1.2,0.4,0.1,0.9,1.4,5.6,CHO
16,JT Thor,20,69,8,14,1.4,3.4,0.399,0.6,1.8,0.317,0.8,1.7,0.487,0.481,0.5,0.7,0.702,0.5,1.7,2.2,0.5,0.3,0.3,0.6,1,3.8,CHO
17,Xavier Sneed,25,4,0,12,1.3,2.5,0.5,0.8,1.5,0.5,0.5,1,0.5,0.65,1,1,1,0,1.3,1.3,1.3,0,0.3,0.8,1.8,4.3,CHO
18,Kai Jones,22,46,0,12,1.5,2.6,0.558,0.1,0.4,0.211,1.4,2.2,0.624,0.575,0.4,0.6,0.731,0.8,1.9,2.7,0.3,0.4,0.7,0.7,1.4,3.4,CHO
19,Kobi Simmons,25,5,0,5.6,0.2,1.2,0.167,0.2,1,0.2,0,0.2,0,0.25,0.4,0.4,1,0.2,0.6,0.8,1,0,0.4,0.2,0,1,CHO
1,DeMar DeRozan,33,74,74,36.2,8.9,17.6,0.504,0.6,1.9,0.324,8.3,15.7,0.526,0.522,6.2,7.1,0.872,0.5,4.2,4.6,5.1,1.1,0.5,2.1,2.5,24.5,CHI
2,Zach LaVine,27,77,77,35.9,8.7,18,0.485,2.6,7.1,0.375,6.1,11,0.556,0.558,4.7,5.6,0.848,0.5,3.9,4.5,4.2,0.9,0.2,2.5,2.1,24.8,CHI
3,Nikola Vučević,32,82,82,33.5,7.3,14,0.52,1.5,4.2,0.349,5.8,9.8,0.594,0.573,1.6,1.9,0.835,1.9,9.1,11,3.2,0.7,0.7,1.7,2.2,17.6,CHI
4,Patrick Williams,21,82,65,28.3,3.8,8.3,0.464,1.4,3.4,0.415,2.4,4.9,0.498,0.549,1.1,1.3,0.857,1,3,4,1.2,0.9,0.9,1.2,1.8,10.2,CHI
5,Patrick Beverley,34,22,22,27.5,2.1,5.4,0.395,1.1,3.7,0.309,1,1.7,0.579,0.5,0.4,0.7,0.533,0.9,4,4.9,3.5,1,0.7,0.8,2.9,5.8,CHI
6,Ayo Dosunmu,23,80,51,26.2,3.5,7.1,0.493,0.7,2.4,0.312,2.8,4.8,0.583,0.545,0.8,1,0.805,0.6,2.2,2.8,2.6,0.8,0.3,1.2,2.3,8.6,CHI
7,Alex Caruso,28,67,36,23.5,1.9,4.3,0.455,0.8,2.3,0.364,1.1,2,0.556,0.551,0.9,1.1,0.808,0.6,2.3,2.9,2.9,1.5,0.7,1.1,2.4,5.6,CHI
8,Coby White,22,74,2,23.4,3.6,8,0.443,1.7,4.6,0.372,1.8,3.4,0.54,0.551,0.8,0.9,0.871,0.2,2.6,2.9,2.8,0.7,0.1,1,1.6,9.7,CHI
9,Goran Dragić,36,51,0,15.4,2.5,5.9,0.425,0.9,2.5,0.352,1.6,3.4,0.48,0.5,0.5,0.8,0.659,0.3,1.1,1.4,2.7,0.2,0.1,1.1,1.2,6.4,CHI
10,Javonte Green,29,32,1,15,1.9,3.4,0.565,0.4,1.1,0.371,1.5,2.3,0.658,0.625,0.9,1.4,0.667,0.8,1.9,2.8,0.7,0.8,0.7,0.6,1.6,5.2,CHI
11,Derrick Jones Jr.,25,64,0,14,1.8,3.6,0.5,0.4,1.3,0.338,1.4,2.3,0.587,0.559,1,1.3,0.738,0.9,1.5,2.4,0.5,0.5,0.6,0.4,1.3,5,CHI
12,Andre Drummond,29,67,0,12.7,2.5,4.1,0.606,0,0,0,2.5,4,0.613,0.606,1,1.9,0.536,2.1,4.6,6.6,0.5,0.7,0.4,1.1,1.7,6,CHI
13,Carlik Jones,25,7,0,8,0.9,2.1,0.4,0.4,0.9,0.5,0.4,1.3,0.333,0.5,0.7,1.1,0.625,0.1,0.6,0.7,0.9,0.3,0,0.3,0.3,2.9,CHI
14,Terry Taylor,23,5,0,7.2,1.8,2,0.9,0.2,0.2,1,1.6,1.8,0.889,0.95,0.2,0.8,0.25,1,0.6,1.6,0,0,0.2,0,0.4,4,CHI
15,Dalen Terry,20,38,0,5.6,0.8,1.9,0.444,0.2,0.7,0.259,0.7,1.2,0.556,0.493,0.4,0.6,0.667,0.3,0.7,1,0.6,0.3,0.1,0.2,0.6,2.2,CHI
16,Marko Simonovic,23,7,0,2.9,0.3,1,0.286,0.1,0.6,0.25,0.1,0.4,0.333,0.357,0.1,0.3,0.5,0.1,0.1,0.3,0,0,0,0,0.7,0.9,CHI
17,Tony Bradley,25,12,0,2.8,0.5,1,0.5,0.3,0.4,0.6,0.3,0.6,0.429,0.625,0.3,0.3,1,0.1,0.8,0.9,0.1,0.1,0.1,0.1,0.2,1.6,CHI
18,Malcolm Hill,27,5,0,1.8,0.4,0.8,0.5,0.2,0.6,0.333,0.2,0.2,1,0.625,0,0,NA,0,0.6,0.6,0,0,0,0,0.2,1,CHI
1,Donovan Mitchell,26,68,68,35.8,10,20.6,0.484,3.6,9.3,0.386,6.4,11.3,0.566,0.572,4.7,5.4,0.867,0.9,3.3,4.3,4.4,1.5,0.4,2.6,2.5,28.3,CLE
2,Darius Garland,23,69,69,35.5,7.6,16.4,0.462,2.4,6,0.41,5.1,10.4,0.492,0.537,4,4.7,0.863,0.4,2.3,2.7,7.8,1.2,0.1,2.9,2.1,21.6,CLE
3,Evan Mobley,21,79,79,34.4,6.6,12,0.554,0.3,1.3,0.216,6.4,10.7,0.595,0.566,2.6,3.8,0.674,2.4,6.6,9,2.8,0.8,1.5,1.8,2.8,16.2,CLE
4,Jarrett Allen,24,68,68,32.6,5.9,9.2,0.644,0,0.1,0.1,5.9,9.1,0.653,0.645,2.4,3.3,0.733,3.3,6.5,9.8,1.7,0.8,1.2,1.4,2.3,14.3,CLE
5,Caris LeVert,28,74,30,30.2,4.3,10,0.431,1.7,4.4,0.392,2.6,5.6,0.462,0.517,1.8,2.4,0.722,0.7,3.1,3.8,3.9,1,0.3,1.6,2.3,12.1,CLE
6,Isaac Okoro,22,76,46,21.7,2.3,4.7,0.494,0.8,2.3,0.363,1.5,2.4,0.617,0.582,1,1.4,0.757,0.7,1.8,2.5,1.1,0.7,0.4,0.6,2.1,6.4,CLE
7,Dean Wade,26,44,13,20.3,1.7,4,0.412,1,2.9,0.354,0.6,1.1,0.56,0.54,0.3,0.5,0.652,0.5,3,3.4,0.8,0.6,0.5,0.4,2,4.7,CLE
8,Cedi Osman,27,77,2,20.1,3.1,6.9,0.451,1.5,4.1,0.372,1.6,2.8,0.564,0.56,1,1.4,0.694,0.3,2,2.3,1.5,0.5,0.1,0.7,1.6,8.7,CLE
9,Kevin Love,34,41,3,20,2.7,7,0.389,1.7,4.8,0.354,1,2.2,0.467,0.511,1.4,1.5,0.889,1,5.8,6.8,1.9,0.2,0.2,1.1,1.6,8.5,CLE
10,Lamar Stevens,25,62,25,18.1,2.1,4.6,0.448,0.5,1.5,0.316,1.6,3.1,0.513,0.5,0.6,0.9,0.702,0.8,2.6,3.3,0.5,0.4,0.3,0.4,1.3,5.3,CLE
11,Ricky Rubio,32,33,2,17.2,1.8,5.4,0.343,0.6,2.5,0.256,1.2,2.9,0.417,0.402,0.8,1.1,0.8,0.3,1.8,2.1,3.5,0.8,0.2,0.9,1.5,5.2,CLE
12,Danny Green,35,8,0,11.9,2.4,4.8,0.5,1.6,3.6,0.448,0.8,1.1,0.667,0.671,0.1,0.1,1,0.3,1,1.3,0.5,0.6,0.4,0.9,1.3,6.5,CLE
13,Sam Merrill,26,5,0,11.8,1.8,4.4,0.409,1,3.6,0.278,0.8,0.8,1,0.523,0.4,0.4,1,0,1.8,1.8,1,0.8,0,0,0.6,5,CLE
14,Raul Neto,30,48,1,10.5,1.2,2.3,0.518,0.3,0.9,0.286,0.9,1.4,0.662,0.573,0.6,0.7,0.912,0.2,0.8,1,1.6,0.4,0.1,0.5,1,3.3,CLE
15,Robin Lopez,34,37,2,8.1,1.3,2,0.64,0.1,0.1,0.5,1.2,1.9,0.648,0.653,0.4,0.5,0.778,0.6,0.8,1.4,0.5,0.1,0.2,0.7,1.2,3,CLE
16,Mamadi Diakite,26,22,2,8,1.1,2.3,0.48,0.3,1,0.333,0.8,1.3,0.586,0.55,0.1,0.1,1,0.4,1,1.4,0.4,0.2,0.4,0.5,1.2,2.6,CLE
17,Isaiah Mobley,23,13,0,6.5,0.9,2.2,0.429,0.2,0.6,0.375,0.7,1.5,0.45,0.482,0.3,0.3,1,0.3,1.2,1.5,0.2,0.3,0.2,0.1,0.6,2.4,CLE
18,Dylan Windler,26,3,0,3.3,0.7,1,0.667,0.3,0.7,0.5,0.3,0.3,1,0.833,0,0,NA,0,0,0,0.3,0.3,0,0.3,0,1.7,CLE
1,Kyrie Irving,30,20,20,38.2,9.8,19.2,0.51,2.9,7.4,0.392,6.9,11.8,0.585,0.586,4.5,4.7,0.947,1.1,4,5,6,1.3,0.6,1.9,2.8,27,DAL
2,Luka Dončić,23,66,66,36.2,10.9,22,0.496,2.8,8.2,0.342,8.1,13.8,0.588,0.56,7.8,10.5,0.742,0.8,7.8,8.6,8,1.4,0.5,3.6,2.5,32.4,DAL
3,Spencer Dinwiddie,29,53,53,34.1,6,13.1,0.455,2.6,6.4,0.405,3.4,6.7,0.504,0.555,3.2,3.9,0.821,0.4,2.7,3.1,5.3,0.7,0.3,1.7,2.3,17.7,DAL
4,Dorian Finney-Smith,29,40,40,32.2,3.2,7.8,0.416,1.9,5.4,0.355,1.3,2.3,0.559,0.54,0.8,1,0.75,1.7,3,4.7,1.5,1,0.5,0.9,2,9.1,DAL
5,Reggie Bullock,31,78,55,30.3,2.5,6,0.409,1.9,5.1,0.38,0.5,0.9,0.562,0.569,0.3,0.5,0.703,0.4,3.2,3.6,1.4,0.7,0.2,0.5,2.1,7.2,DAL
6,Tim Hardaway Jr.,30,71,45,30.3,4.8,11.9,0.401,3,7.7,0.385,1.8,4.2,0.431,0.527,1.8,2.3,0.77,0.3,3.2,3.5,1.8,0.7,0.2,0.8,1.7,14.4,DAL
7,Christian Wood,27,67,17,25.9,5.9,11.5,0.515,1.6,4.2,0.376,4.3,7.3,0.594,0.583,3.2,4.2,0.772,1.3,6,7.3,1.8,0.4,1.1,1.8,2.5,16.6,DAL
8,Josh Green,22,60,21,25.7,3.4,6.4,0.537,1.1,2.8,0.402,2.3,3.6,0.643,0.626,1.1,1.6,0.723,0.9,2.1,3,1.7,0.7,0.1,1.2,2.6,9.1,DAL
9,Maxi Kleber,31,37,5,25.1,2.1,4.6,0.456,1.1,3,0.348,1,1.5,0.667,0.571,0.7,1,0.711,0.8,2.8,3.6,1.4,0.3,0.8,0.7,2.3,5.9,DAL
10,Dwight Powell,31,76,64,19.2,2.6,3.5,0.732,0,0.1,0,2.6,3.5,0.746,0.732,1.5,2.2,0.667,2,2.2,4.1,0.9,0.6,0.3,0.9,2.8,6.7,DAL
11,Justin Holiday,33,18,2,16.4,1.6,4.4,0.367,0.9,3.1,0.286,0.7,1.3,0.565,0.468,0.3,0.4,0.625,0.2,1.6,1.8,0.9,0.8,0.5,0.6,1.7,4.4,DAL
12,Kemba Walker,32,9,1,16,2.7,6.3,0.421,0.8,3.1,0.25,1.9,3.2,0.586,0.482,1.9,2.3,0.81,0.3,1.4,1.8,2.1,0.2,0.2,0.4,1.2,8,DAL
13,Jaden Hardy,20,48,5,14.8,3,6.9,0.438,1.3,3.3,0.404,1.7,3.7,0.469,0.533,1.4,1.6,0.823,0.2,1.6,1.9,1.4,0.4,0.1,1,1.3,8.8,DAL
14,Frank Ntilikina,24,47,5,12.9,1,2.8,0.364,0.4,1.4,0.254,0.7,1.4,0.477,0.428,0.5,0.7,0.667,0.1,1.2,1.3,1.2,0.3,0.1,0.6,1.4,2.9,DAL
15,McKinley Wright IV,24,27,1,12.4,1.7,3.6,0.469,0.3,1,0.321,1.4,2.6,0.529,0.515,0.5,0.7,0.684,0.3,1.4,1.7,2.1,0.3,0.2,0.7,0.9,4.2,DAL
16,Dāvis Bertāns,30,45,1,10.9,1.5,3.6,0.431,1.2,3.1,0.39,0.3,0.4,0.737,0.603,0.3,0.3,0.867,0.2,1,1.2,0.5,0.2,0.2,0.2,1.2,4.6,DAL
17,Markieff Morris,33,8,1,8.8,1.8,4.1,0.424,1,2.8,0.364,0.8,1.4,0.545,0.545,0,0,NA,0,1.5,1.5,0.8,0.1,0,0.5,1.9,4.5,DAL
18,JaVale McGee,35,42,7,8.5,1.9,3,0.64,0,0.1,0.4,1.9,2.9,0.65,0.648,0.6,1,0.585,0.7,1.8,2.5,0.3,0.1,0.6,0.9,1.3,4.4,DAL
19,Theo Pinson,27,40,1,8.1,0.8,2.2,0.356,0.6,1.6,0.355,0.2,0.6,0.36,0.483,0.3,0.3,0.846,0.3,1.3,1.6,1.2,0.2,0,0.3,0.9,2.4,DAL
20,A.J. Lawson,22,14,0,7.6,1.5,3.1,0.488,0.7,1.8,0.4,0.8,1.3,0.611,0.605,0.1,0.6,0.25,0.4,1,1.4,0.1,0.1,0,0.2,0.7,3.9,DAL
21,Facundo Campazzo,31,8,0,6.5,0.4,1.6,0.231,0.4,1.4,0.273,0,0.3,0,0.346,0.1,0.3,0.5,0,0.3,0.3,1.1,0.8,0,0.4,0.4,1.3,DAL
22,Chris Silva,26,1,0,3,1,1,1,0,0,NA,1,1,1,1,0,0,NA,0,0,0,0,0,0,1,2,2,DAL
23,Tyler Dorsey,26,3,0,2.7,1.3,1.7,0.8,0.3,0.7,0.5,1,1,1,0.9,0,0,NA,0.3,0.3,0.7,0,0,0,0,0,3,DAL
1,Nikola Jokić,27,69,69,33.7,9.4,14.8,0.632,0.8,2.2,0.383,8.5,12.7,0.675,0.66,4.9,6,0.822,2.4,9.4,11.8,9.8,1.3,0.7,3.6,2.5,24.5,DEN
2,Jamal Murray,25,65,65,32.8,7.3,16,0.454,2.6,6.6,0.398,4.6,9.4,0.494,0.537,2.8,3.3,0.833,0.7,3.2,4,6.2,1,0.2,2.2,1.6,20,DEN
3,Kentavious Caldwell-Pope,29,76,76,31.3,3.8,8.3,0.462,1.8,4.2,0.423,2.1,4.1,0.502,0.569,1.4,1.6,0.824,0.5,2.3,2.7,2.4,1.5,0.5,1.1,1.9,10.8,DEN
4,Aaron Gordon,27,68,68,30.2,6.3,11.2,0.564,0.9,2.5,0.347,5.4,8.6,0.628,0.603,2.8,4.6,0.608,2.4,4.1,6.6,3,0.8,0.8,1.4,1.9,16.3,DEN
5,Michael Porter Jr.,24,62,62,29,6.4,13.2,0.487,3,7.3,0.414,3.4,5.9,0.579,0.602,1.5,1.9,0.8,1,4.5,5.5,1,0.6,0.5,1.1,1.9,17.4,DEN
6,Bruce Brown,26,80,31,28.5,4.5,9.3,0.483,1.1,3.2,0.358,3.3,6.1,0.548,0.545,1.5,1.9,0.758,0.8,3.3,4.1,3.4,1.1,0.6,1.5,2.4,11.5,DEN
7,Reggie Jackson,32,16,2,19.9,3.1,8,0.383,1.2,4.3,0.279,1.9,3.8,0.5,0.457,0.6,0.8,0.833,0.2,1.6,1.8,3.1,0.6,0.1,1.2,1.4,7.9,DEN
8,Jeff Green,36,56,4,19.5,2.9,5.9,0.488,0.5,1.9,0.288,2.3,4,0.58,0.534,1.6,2.1,0.744,0.7,1.9,2.6,1.2,0.3,0.3,0.8,1.8,7.8,DEN
9,Bones Hyland,22,42,1,19.5,4.1,10.3,0.399,2.2,5.7,0.378,2,4.6,0.425,0.503,1.7,2,0.866,0.2,1.8,2,3,0.7,0.3,1.6,1.6,12.1,DEN
10,Christian Braun,21,76,6,15.5,1.9,3.8,0.495,0.4,1.3,0.354,1.4,2.5,0.565,0.554,0.5,0.8,0.625,0.6,1.8,2.4,0.8,0.5,0.2,0.5,1.3,4.7,DEN
11,DeAndre Jordan,34,39,8,15,2.3,2.9,0.765,0,0,1,2.2,2.9,0.763,0.77,0.6,1.2,0.458,1.3,3.8,5.2,0.9,0.3,0.6,1.2,1.8,5.1,DEN
12,Vlatko Čančar,25,60,9,14.8,1.8,3.8,0.476,0.7,1.9,0.374,1.1,1.9,0.58,0.57,0.6,0.7,0.927,0.4,1.7,2.1,1.3,0.4,0.2,0.6,1.4,5,DEN
13,Zeke Nnaji,22,53,5,13.7,2.1,3.7,0.561,0.3,1.2,0.262,1.8,2.5,0.71,0.605,0.8,1.2,0.645,1.2,1.4,2.6,0.3,0.3,0.4,0.6,2,5.2,DEN
14,Thomas Bryant,25,18,1,11.4,1.8,3.8,0.485,0.2,0.5,0.444,1.6,3.3,0.492,0.515,0.7,1,0.722,1.1,2.3,3.3,0.1,0.1,0.4,0.6,1.4,4.6,DEN
15,Ish Smith,34,43,0,9.3,1.2,3,0.397,0,0.3,0.167,1.2,2.8,0.42,0.405,0,0.1,0.5,0.1,1.1,1.3,2.3,0.2,0.2,1,0.8,2.5,DEN
16,Davon Reed,27,35,1,9,0.7,2.3,0.313,0.5,1.3,0.364,0.3,1,0.25,0.413,0.4,0.6,0.75,0.3,1.3,1.6,0.5,0.4,0.1,0.6,1,2.3,DEN
17,Peyton Watson,20,23,2,8.1,1.3,2.6,0.492,0.3,0.6,0.429,1,2,0.511,0.542,0.5,0.9,0.55,0.3,1.3,1.6,0.5,0.1,0.5,0.3,0.6,3.3,DEN
18,Jack White,25,17,0,3.9,0.5,1.1,0.421,0.2,0.5,0.333,0.3,0.6,0.5,0.5,0.1,0.2,0.667,0.4,0.6,1,0.2,0.2,0.1,0.1,0.5,1.2,DEN
1,Cade Cunningham,21,12,12,33.3,7.8,18.7,0.415,1.4,5.1,0.279,6.3,13.6,0.466,0.453,3,3.6,0.837,1,5.2,6.2,6,0.8,0.6,3.3,2.8,19.9,DET
2,Bojan Bogdanović,33,59,59,32.1,7.3,14.9,0.488,2.5,6,0.411,4.8,9,0.539,0.57,4.5,5.1,0.884,0.6,3.2,3.8,2.6,0.6,0.1,2.3,1.9,21.6,DET
3,Jaden Ivey,20,74,73,31.1,5.5,13.3,0.416,1.6,4.7,0.343,3.9,8.6,0.457,0.477,3.6,4.8,0.747,1,2.9,3.9,5.2,0.8,0.2,3.2,3.3,16.3,DET
4,Saddiq Bey,23,52,30,28.8,4.7,11.7,0.404,1.9,5.6,0.345,2.8,6,0.46,0.488,3.5,4,0.861,1.1,3.5,4.7,1.6,1,0.2,1,1.7,14.8,DET
5,Isaiah Stewart,21,50,47,28.3,3.9,8.8,0.442,1.3,4.1,0.327,2.6,4.7,0.542,0.518,2.2,3,0.738,2.3,5.8,8.1,1.4,0.4,0.7,1.4,2.7,11.3,DET
6,Killian Hayes,21,76,56,28.3,4,10.7,0.377,1.1,3.8,0.28,3,7,0.429,0.426,1.2,1.5,0.821,0.4,2.5,2.9,6.2,1.4,0.4,2.3,2.9,10.3,DET
7,James Wiseman,21,24,22,25.2,5.4,10.2,0.531,0.1,0.8,0.167,5.3,9.5,0.559,0.537,1.8,2.5,0.712,2.3,5.8,8.1,0.7,0.2,0.8,1.5,2.9,12.7,DET
8,Jalen Duren,19,67,31,24.9,3.9,5.9,0.648,0,0,0,3.9,5.9,0.652,0.648,1.4,2.3,0.611,3.4,5.5,8.9,1.1,0.7,0.9,1.4,2.7,9.1,DET
9,Marvin Bagley III,23,42,25,23.6,4.8,9.1,0.529,0.5,1.6,0.288,4.4,7.5,0.579,0.554,1.9,2.6,0.75,2.2,4.2,6.4,0.9,0.5,0.7,1.1,1.9,12,DET
10,Isaiah Livers,24,52,22,23.1,2.3,5.5,0.417,1.4,3.9,0.365,0.9,1.6,0.541,0.545,0.6,0.8,0.821,0.5,2.2,2.8,0.8,0.5,0.5,0.6,2,6.7,DET
11,Alec Burks,31,51,8,22,3.9,9,0.436,1.9,4.7,0.414,2,4.3,0.459,0.544,3,3.7,0.814,0.4,2.7,3.1,2.2,0.7,0.2,1.1,1.9,12.8,DET
12,Eugene Omoruyi,25,17,4,21.9,3.4,7.9,0.425,1,3.4,0.293,2.4,4.5,0.526,0.489,2,2.8,0.723,1.2,2.2,3.5,1,0.8,0.2,1.1,2.6,9.7,DET
13,Cory Joseph,31,62,2,19.8,2.4,5.7,0.427,1.1,2.9,0.389,1.3,2.8,0.468,0.527,0.9,1.2,0.792,0.3,1.4,1.7,3.5,0.5,0.1,0.9,1.4,6.9,DET
14,R.J. Hampton,21,21,3,18.5,2.5,5.9,0.423,1.1,3,0.365,1.4,2.9,0.483,0.516,1.2,1.9,0.667,0.4,1.9,2.3,1,0.5,0.2,1,1.4,7.3,DET
15,Hamidou Diallo,24,56,0,17.8,3.8,6.7,0.573,0.1,0.4,0.238,3.8,6.3,0.593,0.58,1.6,2.6,0.588,1,2.4,3.5,1,0.9,0.3,1.3,2.2,9.3,DET
16,Rodney McGruder,31,32,12,16.4,1.9,4.8,0.408,1.3,3,0.423,0.7,1.7,0.382,0.543,0.6,0.7,0.818,0.6,1.7,2.3,0.9,0.5,0,0.3,1.2,5.7,DET
17,Kevin Knox,23,42,1,14.1,2,4.3,0.469,1,2.8,0.371,1,1.5,0.651,0.589,0.6,0.8,0.788,0.5,2.1,2.6,0.4,0.3,0.3,0.8,1.8,5.6,DET
18,Jared Rhoden,23,14,0,14.1,1.2,3.1,0.386,0.4,1.4,0.25,0.9,1.7,0.5,0.443,0.4,0.4,1,0.8,1.9,2.6,0.3,0.3,0.1,0.2,1.6,3.2,DET
19,Nerlens Noel,28,14,3,10.9,0.9,2.1,0.4,0.1,0.1,0.5,0.8,2,0.393,0.417,0.5,0.7,0.7,0.5,2.1,2.6,0.5,0.9,0.6,0.6,1.8,2.3,DET
20,Buddy Boeheim,23,10,0,9,0.5,2.7,0.185,0.4,2.5,0.16,0.1,0.2,0.5,0.259,0.2,0.2,1,0.2,0.4,0.6,0.4,0.2,0,0,0.6,1.6,DET
21,Braxton Key,25,3,0,3,0.3,0.3,1,0,0,NA,0.3,0.3,1,1,0.7,0.7,1,0,0.3,0.3,0,0,0,0,0,1.3,DET
22,Stanley Umude,23,1,0,2,0,1,0,0,1,0,0,0,NA,0,2,2,1,0,0,0,0,1,1,0,0,2,DET
1,Stephen Curry,34,56,56,34.7,10,20.2,0.493,4.9,11.4,0.427,5.1,8.8,0.579,0.614,4.6,5,0.915,0.7,5.4,6.1,6.3,0.9,0.4,3.2,2.1,29.4,GSW
2,Klay Thompson,32,69,69,33,7.9,18.1,0.436,4.4,10.6,0.412,3.6,7.6,0.47,0.556,1.7,1.9,0.879,0.6,3.6,4.1,2.4,0.7,0.4,1.8,1.9,21.9,GSW
3,Andrew Wiggins,27,37,37,32.2,6.8,14.3,0.473,2.4,6.1,0.396,4.4,8.2,0.53,0.557,1.2,1.9,0.611,1.6,3.4,5,2.3,1.2,0.8,1.3,2.9,17.1,GSW
4,Draymond Green,32,73,73,31.5,3.4,6.5,0.527,0.5,1.8,0.305,2.9,4.7,0.612,0.57,1.1,1.5,0.713,0.9,6.3,7.2,6.8,1,0.8,2.8,3.1,8.5,GSW
5,Jordan Poole,23,82,43,30,6.7,15.6,0.43,2.6,7.8,0.336,4.1,7.8,0.524,0.514,4.4,5.1,0.87,0.4,2.4,2.7,4.5,0.8,0.3,3.1,2.6,20.4,GSW
6,Donte DiVincenzo,26,72,36,26.3,3.3,7.5,0.435,2.1,5.3,0.397,1.2,2.3,0.525,0.574,0.8,1,0.817,1.1,3.4,4.5,3.5,1.3,0.1,1.6,1.8,9.4,GSW
7,Kevon Looney,26,82,70,23.9,3,4.7,0.63,0,0,0,3,4.7,0.632,0.63,1.1,1.9,0.606,3.3,5.9,9.3,2.5,0.6,0.6,0.5,2.7,7,GSW
8,Jonathan Kuminga,20,67,16,20.8,3.9,7.4,0.525,0.8,2.2,0.37,3.1,5.2,0.59,0.579,1.3,2.1,0.652,1,2.4,3.4,1.9,0.6,0.5,1.4,2.3,9.9,GSW
9,Anthony Lamb,25,62,4,19.3,2.4,5.1,0.471,1.2,3.2,0.367,1.2,1.9,0.652,0.588,0.7,1,0.767,0.9,2.6,3.5,1.5,0.5,0.3,0.9,2.2,6.7,GSW
10,Ty Jerome,25,45,2,18.1,2.6,5.4,0.488,0.8,2,0.389,1.8,3.4,0.546,0.56,0.8,0.9,0.927,0.2,1.6,1.7,3,0.5,0.1,0.7,1.4,6.9,GSW
11,Gary Payton II,30,7,0,16,2.4,4,0.607,0.6,1.3,0.444,1.9,2.7,0.684,0.679,0.3,0.4,0.667,2,2.3,4.3,1.1,0.9,0.6,0.6,2,5.7,GSW
12,Andre Iguodala,39,8,0,14.1,0.9,1.9,0.467,0.1,1.1,0.111,0.8,0.8,1,0.5,0.3,0.4,0.667,0.4,1.8,2.1,2.4,0.5,0.4,1.1,1.4,2.1,GSW
13,JaMychal Green,32,57,1,14,2.4,4.4,0.54,0.7,1.9,0.378,1.6,2.5,0.667,0.623,0.9,1.2,0.776,1.3,2.3,3.6,0.9,0.4,0.4,0.9,1.8,6.4,GSW
14,Moses Moody,20,63,3,13,1.7,3.6,0.476,0.8,2.1,0.363,0.9,1.5,0.641,0.584,0.6,0.8,0.698,0.4,1.2,1.7,0.8,0.3,0.1,0.5,0.9,4.8,GSW
15,James Wiseman,21,21,0,12.5,2.8,4.5,0.628,0,0.1,0.5,2.8,4.4,0.63,0.633,1.2,1.8,0.684,0.9,2.6,3.5,0.7,0.1,0.3,0.7,1.9,6.9,GSW
16,Patrick Baldwin Jr.,20,31,0,7.3,1.4,3.5,0.394,1,2.7,0.381,0.4,0.8,0.44,0.541,0.1,0.2,0.667,0,1.3,1.3,0.4,0.2,0.1,0.4,0.5,3.9,GSW
17,Ryan Rollins,20,12,0,5.2,0.6,1.7,0.35,0.3,0.8,0.333,0.3,0.9,0.364,0.425,0.5,0.5,1,0.3,0.8,1,0.5,0.1,0.1,1.3,0.8,1.9,GSW
18,Lester Quinones,22,4,0,4.5,0.5,1.3,0.4,0.5,1,0.5,0,0.3,0,0.6,1,1.5,0.667,0.3,0.5,0.8,0.5,0.3,0,1.3,0,2.5,GSW
1,Kevin Porter Jr.,22,59,59,34.3,6.6,15,0.442,2.4,6.5,0.366,4.2,8.5,0.501,0.522,3.5,4.5,0.784,1.3,4,5.3,5.7,1.4,0.3,3.2,2.6,19.2,HOU
2,Jalen Green,20,76,76,34.2,7.4,17.9,0.416,2.5,7.3,0.338,5,10.6,0.471,0.485,4.8,6.1,0.786,0.6,3.2,3.7,3.7,0.8,0.2,2.6,1.7,22.1,HOU
3,Jabari Smith Jr.,19,79,79,31,4.6,11.3,0.408,1.5,4.9,0.307,3.1,6.3,0.487,0.475,2.1,2.6,0.786,1.5,5.7,7.2,1.3,0.5,0.9,1.3,2.9,12.8,HOU
4,Eric Gordon,34,47,47,30.2,4.5,10.2,0.439,1.8,5.2,0.347,2.7,5,0.536,0.528,2.3,2.9,0.815,0.3,1.8,2.1,2.9,0.6,0.4,1.8,1,13.1,HOU
5,Alperen Şengün,20,75,72,28.9,5.9,10.7,0.553,0.3,0.8,0.333,5.6,9.9,0.57,0.565,2.7,3.8,0.715,3.2,5.8,9,3.9,0.9,0.9,2.6,3.4,14.8,HOU
6,Kenyon Martin Jr.,22,82,49,28,5,8.8,0.569,0.8,2.6,0.315,4.2,6.1,0.679,0.617,1.8,2.7,0.68,1.5,4,5.5,1.5,0.5,0.4,1.1,1.8,12.7,HOU
7,Jae'Sean Tate,27,31,7,21.8,3.5,7.4,0.48,0.4,1.5,0.283,3.1,5.9,0.53,0.509,1.6,2.2,0.725,1.3,2.5,3.8,2.7,0.7,0.2,1.5,3.4,9.1,HOU
8,Tari Eason,21,82,5,21.5,3.6,8,0.448,0.7,2.1,0.343,2.9,6,0.486,0.493,1.3,1.8,0.752,2.4,3.7,6,1.1,1.2,0.6,1.2,2.3,9.3,HOU
9,Daishen Nix,20,57,7,16,1.4,4.2,0.342,0.7,2.5,0.286,0.7,1.7,0.423,0.426,0.4,0.6,0.667,0.3,1.4,1.7,2.3,0.5,0.1,1.5,1,4,HOU
10,TyTy Washington Jr.,21,31,2,14,1.9,5.2,0.363,0.6,2.6,0.238,1.3,2.6,0.488,0.422,0.3,0.6,0.556,0.1,1.4,1.5,1.5,0.5,0.1,0.5,0.9,4.7,HOU
11,Garrison Mathews,26,45,0,13.4,1.3,3.8,0.353,1.2,3.4,0.342,0.2,0.3,0.467,0.509,0.9,1,0.911,0.2,1.2,1.4,0.5,0.5,0.1,0.4,1.2,4.8,HOU
12,Usman Garuba,20,75,1,12.9,1.1,2.4,0.486,0.3,0.8,0.407,0.8,1.6,0.525,0.554,0.4,0.6,0.617,1.6,2.5,4.1,0.9,0.6,0.4,0.6,1.8,3,HOU
13,Josh Christopher,21,64,2,12.3,2.4,5.1,0.465,0.3,1.4,0.236,2.1,3.8,0.55,0.497,0.7,0.9,0.75,0.3,0.8,1.1,1.1,0.5,0.2,0.9,0.9,5.8,HOU
14,Bruno Fernando,24,31,4,11.7,1.5,3,0.516,0,0,0,1.5,3,0.522,0.516,1,1.4,0.682,1.5,2.4,3.9,1,0.2,1,0.6,2.2,4.1,HOU
15,Darius Days,23,4,0,6.3,1.3,3,0.417,0.8,2.5,0.3,0.5,0.5,1,0.542,0.5,0.5,1,0.3,1.3,1.5,0.3,0,0.3,0,0.5,3.8,HOU
16,Frank Kaminsky,29,10,0,5.9,0.6,1.9,0.316,0.2,1,0.2,0.4,0.9,0.444,0.368,0.4,0.4,1,0.4,1.2,1.6,1.1,0.1,0.3,0,0.1,1.8,HOU
17,Trevor Hudgins,23,5,0,5.6,0.4,1.8,0.222,0.4,1.6,0.25,0,0.2,0,0.333,0.6,0.6,1,0,0,0,0.6,0,0,0.2,0.2,1.8,HOU
18,Boban Marjanović,34,31,0,5.5,1.3,1.9,0.683,0,0,0,1.3,1.9,0.695,0.683,0.6,0.9,0.741,0.6,1.3,1.9,0.3,0.2,0.1,0.5,0.3,3.3,HOU
1,Tyrese Haliburton,22,56,56,33.6,7.4,15,0.49,2.9,7.2,0.4,4.5,7.8,0.572,0.586,3.1,3.6,0.871,0.6,3.1,3.7,10.4,1.6,0.4,2.5,1.2,20.7,IND
2,Buddy Hield,30,80,73,31,5.9,13,0.458,3.6,8.5,0.425,2.3,4.5,0.518,0.596,1.3,1.6,0.822,0.8,4.2,5,2.8,1.2,0.3,1.7,2,16.8,IND
3,Myles Turner,26,62,62,29.4,6.5,11.8,0.548,1.5,4,0.373,5,7.8,0.638,0.612,3.5,4.5,0.783,1.4,6.1,7.5,1.4,0.6,2.3,1.7,3.5,18,IND
4,Bennedict Mathurin,20,78,17,28.5,5.3,12.2,0.434,1.3,4,0.323,4,8.2,0.488,0.487,4.8,5.8,0.828,1.1,3,4.1,1.5,0.6,0.2,1.9,2.1,16.7,IND
5,Andrew Nembhard,23,75,63,27.6,3.8,8.6,0.441,1.2,3.5,0.35,2.6,5.1,0.504,0.512,0.7,0.8,0.79,0.5,2.2,2.7,4.5,0.9,0.2,1.7,2.4,9.5,IND
6,Aaron Nesmith,23,73,60,24.9,3.5,8.1,0.427,1.6,4.3,0.366,1.9,3.8,0.496,0.525,1.6,1.9,0.838,0.8,2.9,3.8,1.3,0.8,0.5,1,3.2,10.1,IND
7,Jordan Nwora,24,24,11,24.6,4.9,10.3,0.476,1.9,4.5,0.422,3,5.8,0.518,0.569,1.3,1.8,0.721,0.9,3.8,4.7,2.1,0.5,0.3,1.3,1.7,13,IND
8,T.J. McConnell,30,75,6,20.3,3.8,6.9,0.543,0.3,0.8,0.441,3.4,6.2,0.556,0.568,0.8,0.9,0.853,0.6,2.5,3.1,5.3,1.1,0.1,1.9,1.4,8.7,IND
9,Chris Duarte,25,46,12,19.5,2.7,7.2,0.369,1.2,3.8,0.316,1.5,3.5,0.428,0.452,1.3,1.6,0.847,0.4,2.1,2.5,1.4,0.5,0.2,0.9,1.4,7.9,IND
10,Jalen Smith,22,68,31,18.8,3.6,7.5,0.476,0.8,2.8,0.283,2.8,4.7,0.593,0.53,1.5,2,0.759,1.9,3.9,5.8,1,0.3,0.9,1.1,2.3,9.4,IND
11,Gabe York,29,3,0,18.7,2.7,7,0.381,2,6,0.333,0.7,1,0.667,0.524,0.7,0.7,1,0,2,2,1.7,0.7,0,0,1.7,8,IND
12,Oshae Brissett,24,65,2,16.7,1.9,4.9,0.386,0.7,2.4,0.31,1.2,2.5,0.457,0.461,1.6,2.2,0.717,1,2.4,3.4,0.7,0.5,0.2,0.5,1.2,6.1,IND
13,Isaiah Jackson,21,63,12,16.5,2.8,5,0.563,0,0.2,0.143,2.8,4.8,0.582,0.566,1.5,2.3,0.651,1.8,2.7,4.5,0.8,0.5,1.5,0.8,2.4,7.2,IND
14,Daniel Theis,30,7,1,15.6,3,6.3,0.477,0.3,1.6,0.182,2.7,4.7,0.576,0.5,0.7,1.7,0.417,1,2.1,3.1,1.3,0.3,0.9,0.4,1,7,IND
15,George Hill,36,11,1,15.1,1.7,3.1,0.559,1,1.9,0.524,0.7,1.2,0.615,0.721,0.7,0.8,0.889,0.2,1.5,1.6,1.9,0.6,0.3,0.6,1.3,5.2,IND
16,Trevelin Queen,25,7,0,10,1,4.1,0.241,0.3,2.1,0.133,0.7,2,0.357,0.276,0.7,0.7,1,1.1,1.3,2.4,0.9,0.3,0.7,1,0.6,3,IND
17,Goga Bitadze,23,21,0,9.6,1.3,2.5,0.519,0.2,0.7,0.286,1.1,1.8,0.605,0.558,0.5,1.1,0.458,1.2,1.1,2.3,0.9,0.4,0.5,0.6,1.6,3.3,IND
18,James Johnson,35,18,1,9,1.2,2.7,0.449,0.2,0.8,0.2,1.1,1.9,0.559,0.48,0.2,0.4,0.5,0.2,1.4,1.7,0.8,0.4,0.3,0.4,1.8,2.8,IND
19,Terry Taylor,23,26,2,8.8,1.2,2.5,0.462,0.2,0.7,0.222,1,1.8,0.553,0.492,0.2,0.3,0.714,0.8,0.7,1.5,0.4,0.1,0.2,0.3,0.9,2.7,IND
20,Kendall Brown,19,6,0,6.7,0.7,1.2,0.571,0,0.2,0,0.7,1,0.667,0.571,0.2,0.3,0.5,0.3,0.7,1,0.5,0.7,0,0.3,1.5,1.5,IND
1,Paul George,32,56,56,34.6,8.2,17.9,0.457,2.8,7.6,0.371,5.4,10.3,0.521,0.536,4.6,5.3,0.871,0.8,5.3,6.1,5.1,1.5,0.4,3.1,2.8,23.8,LAC
2,Kawhi Leonard,31,52,50,33.6,8.6,16.8,0.512,2,4.8,0.416,6.6,11.9,0.551,0.572,4.7,5.4,0.871,1.1,5.4,6.5,3.9,1.4,0.5,1.7,1.6,23.8,LAC
3,Russell Westbrook,34,21,21,30.2,6.1,12.5,0.489,1.2,3.5,0.356,4.9,9,0.54,0.538,2.4,3.6,0.658,1.4,3.4,4.9,7.6,1.1,0.5,3.4,2,15.8,LAC
4,Ivica Zubac,25,76,76,28.6,4.3,6.8,0.634,0,0,0,4.3,6.7,0.637,0.634,2.2,3.1,0.697,3.1,6.8,9.9,1,0.4,1.3,1.5,2.9,10.8,LAC
5,Marcus Morris,33,65,65,28.1,4.2,9.9,0.426,1.7,4.7,0.364,2.5,5.2,0.484,0.513,1,1.3,0.782,0.4,3.5,4,1.8,0.6,0.3,0.9,2.1,11.2,LAC
6,Norman Powell,29,60,8,26.1,5.7,11.8,0.479,1.9,4.8,0.397,3.8,7.1,0.534,0.559,3.8,4.6,0.812,0.4,2.5,2.9,1.8,0.8,0.3,1.7,2.1,17,LAC
7,Reggie Jackson,32,52,38,25.7,4.1,9.8,0.418,1.5,4.2,0.35,2.6,5.6,0.469,0.493,1.2,1.3,0.924,0.4,1.8,2.2,3.5,0.7,0.1,1.8,1.8,10.9,LAC
8,Eric Gordon,34,22,11,24.9,3.7,8,0.463,2.1,5,0.423,1.5,2.9,0.531,0.597,1.5,1.7,0.842,0.2,1.5,1.7,2.1,0.6,0.4,1,1.5,11,LAC
9,Terance Mann,26,81,36,23.1,3.4,6.5,0.519,1,2.4,0.389,2.4,4,0.598,0.593,1.1,1.5,0.78,1,2.5,3.4,2.3,0.5,0.3,1,1.8,8.8,LAC
10,John Wall,32,34,3,22.2,4.1,9.9,0.408,1,3.2,0.303,3.1,6.7,0.459,0.457,2.3,3.3,0.681,0.4,2.3,2.7,5.2,0.8,0.4,2.4,1.7,11.4,LAC
11,Nicolas Batum,34,78,19,21.9,2.1,4.9,0.42,1.6,4.1,0.391,0.5,0.8,0.563,0.583,0.4,0.6,0.708,0.8,3,3.8,1.6,0.7,0.6,0.6,1.9,6.1,LAC
12,Luke Kennard,26,35,11,20.7,2.8,6,0.464,1.7,3.8,0.447,1.1,2.3,0.494,0.604,0.5,0.6,0.95,0.2,2.2,2.4,1.1,0.5,0.1,0.9,1.3,7.8,LAC
13,Mason Plumlee,32,23,4,19.9,2.8,3.8,0.727,0,0,NA,2.8,3.8,0.727,0.727,1.9,2.5,0.772,1.8,5.1,6.9,1.7,0.5,0.5,1.3,2.4,7.5,LAC
14,Bones Hyland,22,14,0,18.9,3.9,9.8,0.401,1.9,5.3,0.351,2.1,4.5,0.46,0.496,1.1,1.4,0.75,0.7,2.8,3.5,3.4,0.8,0.1,1.1,2.1,10.8,LAC
15,Robert Covington,32,48,0,16.2,2.1,4.8,0.445,1.1,2.8,0.397,1,1.9,0.516,0.563,0.6,0.8,0.75,0.6,2.8,3.5,1.2,0.8,0.7,0.7,1.8,6,LAC
16,Amir Coffey,25,50,9,12.5,1.1,2.9,0.386,0.2,0.8,0.275,0.9,2.1,0.429,0.424,1,1.3,0.778,0.3,0.7,1.1,1.1,0.1,0.1,0.4,1,3.4,LAC
17,Brandon Boston Jr.,21,22,1,11.3,2.3,5.5,0.418,0.5,1.3,0.414,1.8,4.2,0.419,0.467,1.3,1.7,0.763,0.3,1,1.4,0.9,0.4,0,0.5,1,6.5,LAC
18,Moussa Diabaté,21,22,1,8.9,1.1,2.1,0.511,0,0.1,0.5,1,2,0.511,0.521,0.5,0.7,0.625,1.4,0.9,2.3,0.2,0.3,0.4,0.4,0.7,2.7,LAC
19,Jason Preston,23,14,0,8.9,1.3,2.9,0.439,0.4,1.3,0.278,0.9,1.6,0.565,0.5,0,0.1,0,0.1,1.4,1.6,1.9,0.1,0,0.7,0.5,2.9,LAC
20,Moses Brown,23,34,1,8.5,1.8,2.8,0.635,0,0,NA,1.8,2.8,0.635,0.635,1,2.1,0.458,1.7,2.4,4.1,0.1,0.1,0.4,0.4,1.1,4.6,LAC
21,Xavier Moon,28,4,0,5,0.8,2.3,0.333,0.3,0.8,0.333,0.5,1.5,0.333,0.389,0,0,NA,0,0.8,0.8,1.3,0,0,0.3,0.5,1.8,LAC
1,LeBron James,38,55,54,35.5,11.1,22.2,0.5,2.2,6.9,0.321,8.9,15.3,0.58,0.549,4.6,5.9,0.768,1.2,7.1,8.3,6.8,0.9,0.6,3.2,1.6,28.9,LAL
2,Anthony Davis,29,56,54,34,9.7,17.2,0.563,0.3,1.3,0.257,9.3,15.9,0.589,0.573,6.2,7.9,0.784,3.5,9.1,12.5,2.6,1.1,2,2.2,2.6,25.9,LAL
3,D'Angelo Russell,26,17,17,30.9,6.3,13,0.484,2.7,6.5,0.414,3.6,6.5,0.555,0.588,2.1,2.9,0.735,0.4,2.5,2.9,6.1,0.6,0.5,2.3,1.4,17.4,LAL
4,Dennis Schröder,29,66,50,30.1,4.1,9.8,0.415,1.1,3.4,0.329,3,6.4,0.461,0.472,3.3,3.8,0.857,0.3,2.2,2.5,4.5,0.8,0.2,1.7,2.2,12.6,LAL
5,Austin Reaves,24,64,22,28.8,4,7.7,0.529,1.3,3.4,0.398,2.7,4.3,0.631,0.616,3.6,4.1,0.864,0.5,2.5,3,3.4,0.5,0.3,1.5,1.7,13,LAL
6,Russell Westbrook,34,52,3,28.7,5.8,14,0.417,1.2,4.1,0.296,4.6,9.9,0.467,0.46,3,4.6,0.655,1.1,5,6.2,7.5,1,0.4,3.5,2.3,15.9,LAL
7,Patrick Beverley,34,45,45,26.9,2.2,5.4,0.402,1.2,3.5,0.348,0.9,1.8,0.506,0.517,0.9,1.1,0.78,0.5,2.6,3.1,2.6,0.9,0.6,0.9,2.8,6.4,LAL
8,Troy Brown Jr.,23,76,45,24.5,2.6,6.1,0.43,1.4,3.7,0.381,1.2,2.4,0.505,0.545,0.4,0.5,0.872,0.8,3.2,4.1,1.3,0.8,0.2,0.6,1.6,7.1,LAL
9,Jarred Vanderbilt,23,26,24,24,2.8,5.4,0.529,0.4,1.3,0.303,2.5,4.1,0.598,0.564,1.1,1.4,0.784,1.9,4.8,6.7,1.6,1.2,0.2,1.1,2.2,7.2,LAL
10,Malik Beasley,26,26,14,23.9,4,10.3,0.392,2.5,7.2,0.353,1.5,3.1,0.481,0.515,0.5,0.8,0.619,0.3,3,3.3,1.2,0.8,0,1.2,1.2,11.1,LAL
11,Lonnie Walker IV,24,56,32,23.2,4.2,9.4,0.448,1.6,4.4,0.365,2.6,5,0.522,0.534,1.6,1.9,0.858,0.3,1.7,1.9,1.1,0.5,0.3,0.8,1.3,11.7,LAL
12,Rui Hachimura,24,33,9,22.4,3.8,7.9,0.485,0.6,2.2,0.296,3.2,5.7,0.556,0.525,1.3,1.8,0.721,1,3.7,4.7,0.7,0.2,0.4,0.5,1,9.6,LAL
13,Thomas Bryant,25,41,25,21.4,4.8,7.3,0.654,0.5,1.2,0.44,4.3,6.1,0.697,0.691,2,2.6,0.741,1.6,5.2,6.8,0.7,0.3,0.6,0.7,1.9,12.1,LAL
14,Wenyen Gabriel,25,68,2,15.1,2.3,3.8,0.596,0.1,0.5,0.278,2.1,3.3,0.647,0.615,0.8,1.2,0.619,1.7,2.5,4.2,0.5,0.4,0.5,0.7,2.1,5.5,LAL
15,Kendrick Nunn,27,39,2,13.5,2.6,6.4,0.406,1.1,3.2,0.325,1.6,3.2,0.488,0.488,0.4,0.5,0.81,0.1,1.3,1.4,0.9,0.3,0.1,0.8,0.9,6.7,LAL
16,Max Christie,19,41,3,12.5,1.1,2.6,0.415,0.6,1.5,0.419,0.4,1.1,0.409,0.538,0.3,0.4,0.875,0.2,1.7,1.8,0.5,0.2,0.2,0.3,0.8,3.1,LAL
17,Juan Toscano-Anderson,29,30,7,12.2,1.1,2.2,0.5,0.1,0.7,0.2,1,1.5,0.63,0.53,0.4,0.5,0.733,0.5,1.6,2,0.8,0.3,0.2,0.6,1.5,2.7,LAL
18,Matt Ryan,25,12,0,10.8,1.3,4.1,0.306,1.1,2.9,0.371,0.2,1.2,0.143,0.439,0.3,0.4,0.8,0.2,1,1.2,0.3,0.2,0,0.3,1.2,3.9,LAL
19,Mo Bamba,24,9,1,9.8,1.2,3,0.407,0.6,1.8,0.313,0.7,1.2,0.545,0.5,0.7,1.2,0.545,1.2,3.3,4.6,0.4,0.1,0.6,0.9,2.1,3.7,LAL
20,Damian Jones,27,22,1,8,0.9,1.7,0.541,0,0.1,0,0.9,1.5,0.588,0.541,0.7,0.9,0.75,0.8,1.7,2.5,0.2,0.1,0.5,0.4,0.8,2.5,LAL
21,Sterling Brown,27,4,0,6,0,1,0,0,0.5,0,0,0.5,0,0,0,0,NA,0.8,1.3,2,0.5,0.8,0,0,1,0,LAL
22,Cole Swider,23,7,0,5.9,0.4,1.3,0.333,0.4,1.1,0.375,0,0.1,0,0.5,0,0,NA,0.1,0.9,1,0.6,0,0,0,0.4,1.3,LAL
23,Scotty Pippen Jr.,22,6,0,5.3,0.7,2,0.333,0.2,0.5,0.333,0.5,1.5,0.333,0.375,0.8,1.5,0.556,0.3,0.3,0.7,0.3,0.3,0.2,0.3,0.5,2.3,LAL
24,Davon Reed,27,8,0,3.4,0.4,0.5,0.75,0.1,0.3,0.5,0.3,0.3,1,0.875,0.1,0.5,0.25,0.1,0.4,0.5,0.5,0.3,0,0,0.4,1,LAL
1,Jacob Gilyard,24,1,0,41,1,3,0.333,1,3,0.333,0,0,NA,0.5,0,0,NA,0,4,4,7,3,0,2,3,3,MEM
2,Ja Morant,23,61,59,31.9,9.3,19.9,0.466,1.5,4.9,0.307,7.8,15,0.519,0.504,6.1,8.1,0.748,1,4.9,5.9,8.1,1.1,0.3,3.4,1.6,26.2,MEM
3,Desmond Bane,24,58,58,31.7,7.8,16.2,0.479,2.9,7,0.408,4.9,9.2,0.534,0.568,3.1,3.5,0.883,0.7,4.3,5,4.4,1,0.4,2.2,2.6,21.5,MEM
4,Dillon Brooks,27,73,73,30.3,5.4,13.6,0.396,2,6,0.326,3.4,7.6,0.451,0.468,1.6,2.1,0.779,0.6,2.7,3.3,2.6,0.9,0.2,1.4,3.3,14.3,MEM
5,Jaren Jackson Jr.,23,63,63,28.4,6.6,13,0.506,1.6,4.5,0.355,5,8.6,0.585,0.567,3.8,4.9,0.788,1.7,5,6.8,1,1,3,1.7,3.6,18.6,MEM
6,Steven Adams,29,42,42,27,3.7,6.3,0.597,0,0,0,3.7,6.2,0.599,0.597,1.1,3.1,0.364,5.1,6.5,11.5,2.3,0.9,1.1,1.9,2.3,8.6,MEM
7,Luke Kennard,26,24,3,24.6,3.8,7.1,0.526,3.1,5.7,0.54,0.7,1.4,0.471,0.743,0.8,0.8,0.947,0.4,2.8,3.1,2.3,0.5,0,0.7,1.5,11.3,MEM
8,Tyus Jones,26,80,22,24.3,3.9,8.9,0.438,1.5,4.1,0.371,2.4,4.8,0.495,0.523,1,1.3,0.8,0.4,2.2,2.5,5.2,1,0.1,0.9,0.4,10.3,MEM
9,Santi Aldama,22,77,20,21.8,3.2,6.8,0.47,1.2,3.5,0.353,2,3.4,0.591,0.56,1.4,1.9,0.75,1.1,3.7,4.8,1.3,0.6,0.6,0.8,1.9,9,MEM
10,John Konchar,26,72,23,20.8,1.9,4.4,0.431,0.8,2.5,0.339,1.1,2,0.545,0.525,0.4,0.5,0.778,0.9,3.4,4.3,1.4,1.1,0.3,0.5,1.6,5.1,MEM
11,Brandon Clarke,26,56,8,19.5,4.1,6.2,0.656,0,0.1,0.167,4.1,6.1,0.665,0.658,1.8,2.4,0.723,1.6,3.9,5.5,1.3,0.6,0.7,1,2.3,10,MEM
12,Xavier Tillman Sr.,24,61,29,19.3,3.1,5,0.614,0.1,0.2,0.267,3,4.8,0.632,0.621,0.8,1.5,0.551,2,3,5,1.6,1,0.5,0.7,1.6,7,MEM
13,David Roddy,21,70,4,18,2.6,6,0.429,0.9,3,0.307,1.6,3,0.553,0.506,0.6,0.9,0.631,0.7,2,2.8,0.8,0.4,0.3,0.8,1.5,6.7,MEM
14,Ziaire Williams,21,37,4,15.2,2.3,5.3,0.429,0.7,2.6,0.258,1.6,2.7,0.596,0.492,0.5,0.6,0.773,0.4,1.7,2.1,0.9,0.4,0.2,1,1.6,5.7,MEM
15,Danny Green,35,3,0,14.3,1,3.7,0.273,1,2.7,0.375,0,1,0,0.409,0,0,NA,0.3,1,1.3,0.7,0.3,0,1,2,3,MEM
16,Jake LaRavia,21,35,0,11.8,1.1,2.7,0.389,0.7,2,0.338,0.4,0.7,0.542,0.516,0.2,0.3,0.778,0.5,1.3,1.8,0.6,0.3,0.1,0.5,1.4,3,MEM
17,Kennedy Chandler,20,36,0,7.8,1,2.3,0.422,0.1,0.4,0.133,0.9,1.9,0.485,0.434,0.2,0.4,0.462,0.3,0.8,1.1,1.6,0.3,0.1,0.5,0.4,2.2,MEM
18,Kenneth Lofton Jr.,20,24,1,7.3,2,3.9,0.527,0.3,0.7,0.353,1.8,3.2,0.566,0.559,0.7,1.1,0.593,0.8,1.3,2.1,0.8,0.2,0.1,0.5,1.2,5,MEM
19,Vince Williams Jr.,22,15,1,7,0.8,2.7,0.3,0.3,1.9,0.143,0.5,0.8,0.667,0.35,0.1,0.1,1,0.3,0.7,1,0.3,0.4,0.1,0.3,0.8,2,MEM
1,Tyler Herro,23,67,67,34.9,7.3,16.6,0.439,3,8,0.378,4.2,8.5,0.497,0.531,2.5,2.7,0.934,0.4,5,5.4,4.2,0.8,0.2,2.4,1.5,20.1,MIA
2,Bam Adebayo,25,75,75,34.6,8,14.9,0.54,0,0.2,0.083,8,14.7,0.545,0.541,4.3,5.4,0.806,2.5,6.7,9.2,3.2,1.2,0.8,2.5,2.8,20.4,MIA
3,Jimmy Butler,33,64,64,33.4,7.5,13.9,0.539,0.6,1.6,0.35,6.9,12.3,0.564,0.56,7.4,8.7,0.85,2.2,3.7,5.9,5.3,1.8,0.3,1.6,1.3,22.9,MIA
4,Kyle Lowry,36,55,44,31.2,3.6,8.8,0.404,1.9,5.6,0.345,1.6,3.2,0.509,0.514,2.1,2.5,0.859,0.8,3.3,4.1,5.1,1,0.4,1.9,2.6,11.2,MIA
5,Caleb Martin,27,71,49,29.3,3.6,7.7,0.464,1.2,3.3,0.356,2.4,4.4,0.545,0.54,1.3,1.6,0.805,1.2,3.6,4.8,1.6,1,0.4,1.1,2,9.6,MIA
6,Max Strus,26,80,33,28.4,4.1,9.9,0.41,2.5,7,0.35,1.6,2.8,0.559,0.535,1,1.1,0.876,0.6,2.6,3.2,2.1,0.5,0.2,0.9,2.1,11.5,MIA
7,Victor Oladipo,30,42,2,26.3,3.8,9.6,0.397,1.7,5,0.33,2.1,4.5,0.471,0.484,1.4,1.9,0.747,0.4,2.7,3,3.5,1.4,0.3,2.1,2.4,10.7,MIA
8,Gabe Vincent,26,68,34,25.9,3.4,8.3,0.402,1.7,5.1,0.334,1.6,3.2,0.512,0.505,1,1.1,0.872,0.4,1.7,2.1,2.5,0.9,0.1,1.4,2.3,9.4,MIA
9,Kevin Love,34,21,17,20,2.6,6.6,0.388,1.4,4.8,0.297,1.1,1.8,0.632,0.496,1.1,1.3,0.857,0.8,4.9,5.7,1.9,0.4,0.2,1.1,1.5,7.7,MIA
10,Haywood Highsmith,26,54,11,17.9,1.7,4,0.431,0.7,2,0.339,1,2,0.523,0.516,0.2,0.5,0.464,1.1,2.4,3.5,0.8,0.7,0.3,0.8,1.5,4.4,MIA
11,Duncan Robinson,28,42,1,16.5,2.1,5.6,0.371,1.5,4.6,0.328,0.6,1.1,0.556,0.504,0.7,0.8,0.906,0.2,1.5,1.6,1.1,0.3,0,0.7,1.8,6.4,MIA
12,Jamaree Bouyea,23,4,0,16.3,1.5,3.3,0.462,0.5,1.3,0.4,1,2,0.5,0.538,0.3,0.5,0.5,0.3,1,1.3,1,1,0.5,1,1.3,3.8,MIA
13,Cody Zeller,30,15,2,14.5,2.5,3.9,0.627,0,0.1,0,2.5,3.8,0.649,0.627,1.6,2.3,0.686,1.7,2.6,4.3,0.7,0.2,0.3,0.9,2.2,6.5,MIA
14,Orlando Robinson,22,31,1,13.7,1.5,2.9,0.528,0,0.2,0,1.5,2.7,0.566,0.528,0.7,1,0.71,1.5,2.5,4.1,0.8,0.4,0.4,0.5,1.7,3.7,MIA
15,Nikola Jović,19,15,8,13.6,1.9,4.6,0.406,0.5,2.3,0.229,1.3,2.3,0.588,0.464,1.2,1.3,0.947,0.6,1.5,2.1,0.7,0.5,0.1,0.7,1.3,5.5,MIA
16,Dru Smith,25,5,1,13.4,1,2.8,0.357,0.2,1.2,0.167,0.8,1.6,0.5,0.393,0,0,NA,0.2,1.6,1.8,1,0.8,0.6,0.2,2,2.2,MIA
17,Jamal Cain,23,18,0,13.3,2.1,3.7,0.561,0.4,1.1,0.35,1.7,2.6,0.652,0.614,0.9,1.2,0.773,0.8,2.1,2.9,0.7,0.6,0.1,0.3,1.2,5.4,MIA
18,Dewayne Dedmon,33,30,0,11.7,2.1,4.3,0.496,0.4,1.2,0.297,1.8,3.1,0.576,0.539,1.1,1.5,0.727,0.9,2.7,3.6,0.5,0.2,0.5,0.6,2,5.7,MIA
19,Udonis Haslem,42,7,1,10.1,1.4,4.1,0.345,0.4,1.3,0.333,1,2.9,0.35,0.397,0.6,0.7,0.8,0.6,1,1.6,0,0.1,0.3,0.1,1.6,3.9,MIA
20,Omer Yurtseven,24,9,0,9.2,1.8,3,0.593,0.3,0.8,0.429,1.4,2.2,0.65,0.648,0.6,0.7,0.833,0.9,1.7,2.6,0.2,0.2,0.2,0.4,1.8,4.4,MIA
1,Jrue Holiday,32,67,65,32.6,7.3,15.3,0.479,2.4,6.1,0.384,5,9.1,0.542,0.556,2.3,2.6,0.859,1.2,3.9,5.1,7.4,1.2,0.4,2.9,1.7,19.3,MIL
2,Giannis Antetokounmpo,28,63,63,32.1,11.2,20.3,0.553,0.7,2.7,0.275,10.5,17.6,0.596,0.572,7.9,12.3,0.645,2.2,9.6,11.8,5.7,0.8,0.8,3.9,3.1,31.1,MIL
3,Brook Lopez,34,78,78,30.4,6.1,11.5,0.531,1.7,4.7,0.374,4.4,6.9,0.637,0.606,1.9,2.4,0.784,2,4.7,6.7,1.3,0.5,2.5,1.4,2.6,15.9,MIL
4,Grayson Allen,27,72,70,27.4,3.4,7.7,0.44,2,5.1,0.399,1.4,2.7,0.518,0.571,1.6,1.8,0.905,0.8,2.4,3.3,2.3,0.9,0.2,1,1.6,10.4,MIL
5,Bobby Portis,27,70,22,26,5.7,11.5,0.496,1.4,3.7,0.37,4.3,7.8,0.555,0.555,1.4,1.8,0.768,2.2,7.4,9.6,1.5,0.4,0.2,1.2,1.6,14.1,MIL
6,Khris Middleton,31,33,19,24.3,5.4,12.3,0.436,1.5,4.9,0.315,3.8,7.4,0.516,0.499,2.8,3.1,0.902,0.8,3.4,4.2,4.9,0.7,0.2,2.2,2.1,15.1,MIL
7,Pat Connaughton,30,61,33,23.7,2.7,6.9,0.392,1.8,5.3,0.339,0.9,1.6,0.566,0.521,0.4,0.7,0.659,0.8,3.8,4.6,1.3,0.6,0.2,0.5,1.1,7.6,MIL
8,Joe Ingles,35,46,0,22.7,2.3,5.4,0.435,1.8,4.4,0.409,0.5,1,0.556,0.603,0.4,0.5,0.857,0.3,2.5,2.8,3.3,0.7,0.1,1.2,1.6,6.9,MIL
9,Jevon Carter,27,81,39,22.3,3,7,0.423,1.8,4.2,0.421,1.2,2.8,0.425,0.549,0.4,0.5,0.816,0.4,2.1,2.5,2.4,0.8,0.4,1,2,8,MIL
10,George Hill,36,35,0,19.1,1.7,3.8,0.447,0.7,2.1,0.311,1,1.7,0.621,0.534,1,1.3,0.739,0.4,1.5,1.9,2.5,0.5,0.1,0.8,1.2,5,MIL
11,Jae Crowder,32,18,3,18.9,2.5,5.2,0.479,1.3,3.1,0.436,1.2,2.2,0.538,0.606,0.6,0.7,0.833,0.9,2.9,3.8,1.5,0.7,0.3,0.4,1.5,6.9,MIL
12,Wesley Matthews,36,52,0,15.8,1.1,3.1,0.363,0.8,2.4,0.315,0.4,0.7,0.528,0.484,0.5,0.5,0.857,0.7,1.5,2.2,0.7,0.4,0.3,0.3,1.4,3.4,MIL
13,Jordan Nwora,24,38,3,15.7,2,5.2,0.386,1.1,2.7,0.392,0.9,2.5,0.379,0.487,1,1.1,0.86,0.8,2.3,3.1,1,0.3,0.2,0.9,0.9,6,MIL
14,MarJon Beauchamp,22,52,11,13.5,1.8,4.7,0.395,0.9,2.7,0.331,0.9,1.9,0.485,0.492,0.5,0.7,0.73,0.7,1.5,2.2,0.7,0.4,0.1,0.9,1.4,5.1,MIL
15,Meyers Leonard,30,9,2,12.7,1.6,3.2,0.483,0.8,2,0.389,0.8,1.2,0.636,0.603,0.9,1,0.889,1.3,2.4,3.8,0.1,0.2,0,0.7,1.8,4.8,MIL
16,Lindell Wigginton,24,7,1,12.4,2.6,5.3,0.486,0.9,2.6,0.333,1.7,2.7,0.632,0.568,1.1,1.3,0.889,0,1,1,2,0,0.3,1.7,1,7.1,MIL
17,Goran Dragić,36,7,0,11.9,2,5.1,0.389,1,2.4,0.412,1,2.7,0.368,0.486,0.6,0.6,1,0.4,1.3,1.7,1.7,0.3,0,1,0.3,5.6,MIL
18,Serge Ibaka,33,16,0,11.6,1.6,3.4,0.481,0.4,1.1,0.333,1.3,2.3,0.556,0.537,0.5,0.8,0.615,0.9,1.8,2.8,0.3,0.1,0.4,0.7,1.4,4.1,MIL
19,A.J. Green,23,35,1,9.9,1.5,3.6,0.424,1.3,3,0.419,0.3,0.6,0.45,0.6,0.1,0.1,1,0.2,1.1,1.3,0.6,0.2,0,0.3,0.9,4.4,MIL
20,Sandro Mamukelashvili,23,24,0,9,0.8,2.4,0.328,0.3,1.3,0.219,0.5,1.1,0.462,0.388,0.5,0.8,0.667,0.8,1.6,2.3,0.7,0.2,0.2,0.4,0.8,2.4,MIL
21,Thanasis Antetokounmpo,30,37,0,5.6,0.5,1.2,0.435,0,0.2,0,0.5,1,0.526,0.435,0.3,0.6,0.5,0.4,0.8,1.2,0.4,0.1,0.1,0.3,0.6,1.4,MIL
1,Anthony Edwards,21,79,79,36,8.9,19.5,0.459,2.7,7.3,0.369,6.3,12.2,0.513,0.528,4,5.3,0.756,0.6,5.2,5.8,4.4,1.6,0.7,3.3,2.4,24.6,MIN
2,Karl-Anthony Towns,27,29,29,33,7.3,14.8,0.495,2.1,5.7,0.366,5.2,9.1,0.576,0.565,4.1,4.7,0.874,1.7,6.5,8.1,4.8,0.7,0.6,3,3.8,20.8,MIN
3,D'Angelo Russell,26,54,54,32.9,6.3,13.5,0.465,2.7,7,0.391,3.5,6.4,0.546,0.567,2.6,3.1,0.856,0.5,2.5,3.1,6.2,1.1,0.4,2.7,2.2,17.9,MIN
4,Mike Conley,35,24,24,31.4,4.5,9.8,0.46,2.4,5.8,0.42,2.1,4,0.515,0.583,2.6,3,0.863,0.7,2.5,3.1,5,1.2,0.2,1.2,1.9,14,MIN
5,Rudy Gobert,30,70,70,30.7,5.1,7.8,0.659,0,0,0,5.1,7.8,0.663,0.659,3.1,4.9,0.644,3.3,8.3,11.6,1.2,0.8,1.4,1.7,3,13.4,MIN
6,Jaden McDaniels,22,79,79,30.6,4.7,9.1,0.517,1.4,3.4,0.398,3.3,5.7,0.588,0.591,1.3,1.8,0.736,1.2,2.7,3.9,1.9,0.9,1,1.4,3.4,12.1,MIN
7,Kyle Anderson,29,69,46,28.4,3.7,7.2,0.509,0.6,1.5,0.41,3,5.7,0.536,0.553,1.4,2,0.735,1,4.4,5.3,4.9,1.1,0.9,1.5,2.1,9.4,MIN
8,Taurean Prince,28,54,4,22.1,3.3,7,0.467,1.4,3.6,0.381,1.9,3.4,0.557,0.565,1.2,1.4,0.844,0.3,2.2,2.4,1.6,0.5,0.3,1.3,2.3,9.1,MIN
9,Austin Rivers,30,52,10,19.5,1.8,4,0.435,0.8,2.4,0.35,0.9,1.7,0.558,0.538,0.6,0.8,0.769,0.1,1.5,1.6,1.4,0.5,0.1,0.4,1.5,4.9,MIN
10,Jaylen Nowell,23,65,2,19.3,4.3,9.6,0.448,1,3.6,0.289,3.3,6,0.542,0.502,1.2,1.5,0.778,0.6,2.1,2.6,2,0.6,0.1,1,1.6,10.8,MIN
11,Naz Reid,23,68,11,18.4,4.6,8.5,0.537,1.1,3.2,0.346,3.5,5.3,0.653,0.602,1.3,1.9,0.677,1.1,3.8,4.9,1.1,0.6,0.8,1.4,2.6,11.5,MIN
12,Jordan McLaughlin,26,43,0,15.8,1.4,3.4,0.421,0.6,1.8,0.308,0.9,1.6,0.552,0.503,0.3,0.4,0.833,0.3,1.1,1.4,3.4,0.7,0.1,0.8,0.7,3.7,MIN
13,Nickeil Alexander-Walker,24,23,0,15.5,2.1,5.4,0.384,1.1,3.1,0.361,1,2.3,0.415,0.488,0.6,0.9,0.619,0.3,1.5,1.8,1.4,0.3,0.3,0.4,1.3,5.9,MIN
14,Bryn Forbes,29,25,0,10.7,1.2,3.3,0.361,0.6,1.8,0.304,0.6,1.5,0.432,0.446,0.6,0.6,1,0.2,0.4,0.6,0.7,0.3,0.1,0.5,0.9,3.6,MIN
15,Luka Garza,24,28,0,8.7,2.3,4.1,0.543,0.5,1.4,0.359,1.8,2.8,0.636,0.603,1.5,1.9,0.788,1.2,1.1,2.3,0.6,0.1,0.1,0.5,1.5,6.5,MIN
16,Matt Ryan,25,22,0,8.2,1.1,2.7,0.424,0.9,2.2,0.388,0.3,0.5,0.6,0.585,0.3,0.3,0.857,0.1,0.5,0.5,0.5,0.1,0,0.2,0.6,3.4,MIN
17,Nathan Knight,25,38,0,7.7,1.2,2.1,0.568,0.2,0.6,0.364,1,1.6,0.644,0.617,1,1.5,0.684,0.6,0.9,1.5,0.3,0.3,0.2,0.6,1.1,3.7,MIN
18,Josh Minott,20,15,0,6.4,1.2,2.4,0.5,0.1,0.4,0.333,1.1,2,0.533,0.528,0.5,0.5,1,0.3,1.3,1.7,0.3,0.3,0.4,0.2,0.7,3.1,MIN
19,Wendell Moore Jr.,21,29,2,5.3,0.6,1.5,0.419,0.1,0.6,0.118,0.6,0.9,0.615,0.442,0.1,0.2,0.8,0.1,0.5,0.6,0.6,0.3,0.2,0.3,0.4,1.4,MIN
20,A.J. Lawson,22,1,0,2,1,1,1,0,0,NA,1,1,1,1,0,0,NA,0,1,1,0,0,0,0,1,2,MIN
1,CJ McCollum,31,75,75,35.3,7.8,17.9,0.437,2.8,7.2,0.389,5,10.7,0.469,0.515,2.4,3.2,0.769,0.7,3.6,4.4,5.7,0.9,0.5,2.4,2,20.9,NOP
2,Brandon Ingram,25,45,45,34.2,9,18.6,0.484,1.4,3.6,0.39,7.6,14.9,0.507,0.522,5.3,6,0.882,0.5,5,5.5,5.8,0.7,0.4,3.3,2.6,24.7,NOP
3,Zion Williamson,22,29,29,33,9.8,16.2,0.608,0.2,0.7,0.368,9.6,15.5,0.618,0.615,6.1,8.6,0.714,2,5,7,4.6,1.1,0.6,3.4,2.2,26,NOP
4,Trey Murphy III,22,79,65,31,4.9,10.1,0.484,2.6,6.3,0.406,2.3,3.8,0.611,0.61,2.2,2.4,0.905,0.7,2.8,3.6,1.4,1.1,0.5,0.8,2,14.5,NOP
5,Herbert Jones,24,66,66,29.6,3.6,7.6,0.469,0.8,2.5,0.335,2.7,5.1,0.536,0.525,1.9,2.4,0.764,1.5,2.6,4.1,2.5,1.6,0.6,1.3,3.2,9.8,NOP
6,Jonas Valančiūnas,30,79,79,24.9,5.6,10.3,0.547,0.5,1.4,0.349,5.2,8.9,0.577,0.57,2.3,2.8,0.826,2.8,7.3,10.2,1.8,0.3,0.7,2,3.1,14.1,NOP
7,Naji Marshall,25,77,21,23.3,3.2,7.4,0.433,0.9,2.8,0.303,2.4,4.6,0.513,0.49,1.8,2.3,0.789,0.6,3,3.6,2.5,0.7,0.2,1.3,1.5,9.1,NOP
8,Josh Richardson,29,23,4,23.2,2.7,6.4,0.419,1.4,3.7,0.384,1.3,2.7,0.468,0.53,0.7,0.9,0.762,0.5,2,2.4,1.6,1.3,0.4,1,2,7.5,NOP
9,Jose Alvarado,24,61,10,21.5,3.3,8,0.411,1.4,4,0.336,1.9,4,0.488,0.496,1.1,1.3,0.813,0.5,1.9,2.3,3,1.1,0.2,1.3,2,9,NOP
10,Larry Nance Jr.,30,65,1,21.2,2.9,4.7,0.61,0.2,0.6,0.333,2.6,4,0.654,0.633,0.8,1.2,0.696,1.6,3.8,5.4,1.8,0.9,0.6,0.6,2,6.8,NOP
11,Dyson Daniels,19,59,11,17.7,1.5,3.5,0.418,0.5,1.5,0.314,1,2.1,0.492,0.483,0.4,0.7,0.65,0.6,2.6,3.2,2.3,0.7,0.2,1,1.7,3.8,NOP
12,Devonte' Graham,27,53,0,15.3,1.6,4.4,0.368,1.2,3.6,0.347,0.4,0.8,0.463,0.511,0.8,1.1,0.746,0.2,1.1,1.4,2.2,0.6,0.2,0.5,0.9,5.3,NOP
13,Jaxson Hayes,22,47,2,13,1.8,3.3,0.551,0.1,0.6,0.103,1.8,2.7,0.654,0.561,1.2,1.8,0.699,0.8,2,2.8,0.7,0.4,0.4,0.7,1.4,5,NOP
14,Willy Hernangómez,28,38,2,12.1,2.3,4.4,0.527,0.1,0.3,0.273,2.3,4.2,0.544,0.536,2.1,2.7,0.779,1.5,3.2,4.7,0.9,0.4,0.3,1,1.7,6.9,NOP
15,Kira Lewis Jr.,21,25,0,9.4,1.6,3.5,0.455,0.6,1.4,0.441,1,2.2,0.463,0.54,0.8,0.9,0.864,0.2,1.1,1.3,0.9,0.4,0.1,0.4,1,4.6,NOP
16,Garrett Temple,36,25,0,6.5,0.7,1.8,0.4,0.4,1,0.423,0.3,0.8,0.368,0.522,0.1,0.2,0.75,0.2,0.5,0.7,0.5,0.4,0.1,0.2,0.6,2,NOP
17,Dereon Seabron,22,5,0,2.4,0.4,1,0.4,0,0,NA,0.4,1,0.4,0.4,0,0,NA,0.2,0,0.2,0,0,0,0,0.2,0.8,NOP
1,Julius Randle,28,77,77,35.5,8.5,18.6,0.459,2.8,8.3,0.343,5.7,10.3,0.553,0.536,5.2,6.9,0.757,1.8,8.1,10,4.1,0.6,0.3,2.8,3,25.1,NYK
2,Jalen Brunson,26,68,68,35,8.6,17.6,0.491,2,4.7,0.416,6.7,12.8,0.519,0.547,4.8,5.8,0.829,0.6,3,3.5,6.2,0.9,0.2,2.1,2.2,24,NYK
3,RJ Barrett,22,73,73,33.9,7,16.1,0.434,1.7,5.3,0.31,5.3,10.8,0.495,0.485,4,5.4,0.74,0.8,4.2,5,2.8,0.4,0.2,2.2,2.5,19.6,NYK
4,Josh Hart,27,25,1,30,3.7,6.3,0.586,1.1,2.1,0.519,2.6,4.2,0.619,0.672,1.8,2.3,0.789,1.9,5.2,7,3.6,1.4,0.5,1.5,2.5,10.2,NYK
5,Quentin Grimes,22,71,66,29.9,4,8.5,0.468,2.2,5.7,0.386,1.8,2.7,0.641,0.599,1.1,1.4,0.796,0.7,2.5,3.2,2.1,0.7,0.4,1,2.5,11.3,NYK
6,Immanuel Quickley,23,81,21,28.9,5.2,11.6,0.448,2.1,5.6,0.37,3.1,6,0.521,0.537,2.5,3.1,0.819,0.7,3.4,4.2,3.4,1,0.2,1.2,2,14.9,NYK
7,Mitchell Robinson,24,59,58,27,3.2,4.7,0.671,0,0,NA,3.2,4.7,0.671,0.671,1,2.1,0.484,4.5,4.9,9.4,0.9,0.9,1.8,0.7,2.7,7.4,NYK
8,Cam Reddish,23,20,8,21.9,3.1,6.8,0.449,0.9,2.8,0.304,2.2,4,0.55,0.511,1.5,1.7,0.879,0.4,1.2,1.6,1,0.8,0.4,0.8,1.6,8.4,NYK
9,Isaiah Hartenstein,24,82,8,19.8,2.1,4,0.535,0.1,0.5,0.216,2,3.5,0.576,0.547,0.6,0.9,0.676,2.5,4,6.5,1.2,0.6,0.8,0.8,2.6,5,NYK
10,Evan Fournier,30,27,7,17,2.1,6.1,0.337,1.3,4.2,0.307,0.8,1.9,0.404,0.443,0.7,0.8,0.857,0.1,1.7,1.8,1.3,0.6,0.1,0.8,1.7,6.1,NYK
11,Obi Toppin,24,67,5,15.7,2.8,6.3,0.446,1.3,3.7,0.344,1.5,2.6,0.593,0.548,0.6,0.7,0.809,0.4,2.4,2.8,1,0.3,0.2,0.6,1,7.4,NYK
12,Jericho Sims,24,52,16,15.6,1.6,2.1,0.776,0,0,0,1.6,2,0.783,0.776,0.2,0.3,0.75,1.9,2.8,4.7,0.5,0.3,0.5,0.5,1.8,3.4,NYK
13,Derrick Rose,34,27,0,12.5,2.3,5.9,0.384,0.7,2.3,0.302,1.6,3.6,0.438,0.443,0.4,0.4,0.917,0.3,1.2,1.5,1.7,0.3,0.2,0.8,0.7,5.6,NYK
14,Miles McBride,22,64,2,11.9,1.2,3.4,0.358,0.6,2.1,0.299,0.6,1.3,0.457,0.451,0.4,0.7,0.667,0.2,0.6,0.8,1.1,0.6,0.1,0.4,0.9,3.5,NYK
15,Svi Mykhailiuk,25,13,0,3.1,0.5,0.9,0.5,0.5,0.8,0.6,0,0.2,0,0.75,0.2,0.4,0.6,0,0.5,0.5,0.1,0.1,0,0.2,0.1,1.6,NYK
16,Trevor Keels,19,3,0,2.7,0.3,1.3,0.25,0.3,1.3,0.25,0,0,NA,0.375,0,0,NA,0,0.7,0.7,0,0,0,0,0,1,NYK
17,Ryan Arcidiacono,28,11,0,2.4,0.1,0.5,0.2,0.1,0.3,0.333,0,0.2,0,0.3,0,0,NA,0,0.4,0.4,0.2,0.2,0,0.1,0.3,0.3,NYK
1,Shai Gilgeous-Alexander,24,68,68,35.5,10.4,20.3,0.51,0.9,2.5,0.345,9.5,17.8,0.533,0.531,9.8,10.9,0.905,0.9,4,4.8,5.5,1.6,1,2.8,2.8,31.4,OKC
2,Josh Giddey,20,76,76,31.1,7.1,14.7,0.482,1,3.1,0.325,6.1,11.6,0.524,0.516,1.4,1.9,0.731,1.9,5.9,7.9,6.2,0.8,0.4,2.8,1.9,16.6,OKC
3,Luguentz Dort,23,74,73,30.7,4.6,11.8,0.388,1.8,5.5,0.33,2.8,6.3,0.44,0.466,2.7,3.5,0.772,1.7,2.9,4.6,2.1,1,0.3,1.2,3.3,13.7,OKC
4,Jalen Williams,21,75,62,30.3,5.5,10.6,0.521,1,2.7,0.356,4.5,7.9,0.579,0.567,2.1,2.5,0.812,1.1,3.4,4.5,3.3,1.4,0.5,1.6,2.5,14.1,OKC
5,Kenrich Williams,28,53,10,22.8,3.4,6.5,0.517,0.9,2.5,0.373,2.4,4,0.608,0.59,0.3,0.7,0.436,1.8,3.1,4.9,2,0.8,0.3,0.6,2.1,8,OKC
6,Aleksej Pokusevski,21,34,25,20.6,3.2,7.3,0.434,1.1,3.1,0.365,2.1,4.3,0.483,0.51,0.6,1,0.629,1.3,3.4,4.7,1.9,0.6,1.3,1.3,1.7,8.1,OKC
7,Isaiah Joe,23,73,10,19.1,3.1,7,0.441,2.2,5.4,0.409,0.9,1.6,0.553,0.599,1.1,1.4,0.82,0.4,2,2.4,1.2,0.7,0.1,0.5,1.4,9.5,OKC
8,Jeremiah Robinson-Earl,22,43,20,18.9,2.6,5.8,0.444,0.9,2.6,0.333,1.7,3.2,0.533,0.518,0.8,1,0.833,1.7,2.5,4.2,1,0.6,0.3,0.4,1.7,6.8,OKC
9,Jaylin Williams,20,49,36,18.7,2.1,4.8,0.436,0.9,2.3,0.407,1.1,2.5,0.463,0.534,0.8,1.1,0.704,0.9,4,4.9,1.6,0.6,0.2,0.8,2.3,5.9,OKC
10,Aaron Wiggins,24,70,14,18.5,2.7,5.2,0.512,0.7,1.7,0.393,2,3.4,0.573,0.579,0.8,1,0.831,1,2,3,1.1,0.6,0.2,0.8,1.6,6.8,OKC
11,Tre Mann,21,67,5,17.7,2.9,7.5,0.393,1.2,3.8,0.315,1.7,3.6,0.475,0.474,0.6,0.8,0.764,0.4,1.9,2.3,1.8,0.6,0.2,0.9,1.5,7.7,OKC
12,Darius Bazley,22,36,1,15.4,2,4.4,0.449,0.5,1.3,0.4,1.5,3.1,0.469,0.506,1,1.8,0.554,0.8,2.6,3.4,0.9,0.5,0.8,0.6,1,5.4,OKC
13,Ousmane Dieng,19,39,1,14.6,1.9,4.6,0.42,0.7,2.5,0.265,1.3,2.1,0.602,0.492,0.4,0.6,0.652,0.5,2.2,2.7,1.2,0.4,0.2,0.7,1.1,4.9,OKC
14,Mike Muscala,31,43,5,14.5,2.1,4.7,0.438,1.3,3.3,0.394,0.8,1.4,0.541,0.576,0.7,0.9,0.795,0.5,2.6,3.1,0.9,0.3,0.4,0.3,1.6,6.2,OKC
15,Dario Šarić,28,20,0,13.7,2.6,5,0.515,0.9,2.3,0.391,1.7,2.7,0.623,0.606,1.4,1.6,0.844,0.7,2.6,3.3,0.9,0.4,0.1,1,1.5,7.4,OKC
16,Lindy Waters III,25,41,0,13,1.7,4.3,0.393,1.4,4,0.358,0.3,0.4,0.75,0.556,0.4,0.5,0.8,0.4,1.4,1.8,0.7,0.3,0.3,0.2,1,5.2,OKC
17,Jared Butler,22,6,1,12.8,2.5,5.3,0.469,1.2,2.3,0.5,1.3,3,0.444,0.578,0,0,NA,0.2,0.5,0.7,1.3,0.8,0,0.8,0.8,6.2,OKC
18,Olivier Sarr,23,9,1,12.7,1.7,3.3,0.5,0.1,0.9,0.125,1.6,2.4,0.636,0.517,0.6,0.8,0.714,1.3,2.1,3.4,0.4,0.1,0.6,0.4,1.9,4,OKC
19,Eugene Omoruyi,25,23,2,11.8,1.9,4.1,0.468,0.3,1.3,0.258,1.6,2.7,0.571,0.511,0.7,1.2,0.607,1,1.3,2.3,0.5,0.6,0,0.7,2,4.9,OKC
1,Paolo Banchero,20,72,72,33.8,6.7,15.6,0.427,1.2,4,0.298,5.5,11.6,0.471,0.465,5.5,7.4,0.738,1.2,5.7,6.9,3.7,0.8,0.5,2.8,2.2,20,ORL
2,Franz Wagner,21,80,80,32.6,6.8,14,0.485,1.6,4.5,0.361,5.2,9.5,0.544,0.543,3.4,4,0.842,0.9,3.2,4.1,3.5,1,0.2,2.1,2.3,18.6,ORL
3,Wendell Carter Jr.,23,57,54,29.6,5.6,10.8,0.525,1.4,3.9,0.356,4.2,6.8,0.624,0.591,2.5,3.4,0.738,2.1,6.6,8.7,2.3,0.5,0.6,1.9,2.8,15.2,ORL
4,Markelle Fultz,24,60,60,29.6,5.8,11.3,0.514,0.5,1.5,0.31,5.4,9.9,0.544,0.534,1.9,2.4,0.783,1.2,2.8,3.9,5.7,1.5,0.4,2.3,2.2,14,ORL
5,Cole Anthony,22,60,4,25.9,4.6,10.2,0.454,1.3,3.4,0.364,3.4,6.7,0.5,0.516,2.5,2.8,0.894,0.8,4,4.8,3.9,0.6,0.5,1.5,2.6,13,ORL
6,Gary Harris,28,48,42,24.7,2.9,6.4,0.45,2,4.5,0.431,0.9,1.9,0.494,0.603,0.6,0.6,0.9,0.4,1.6,2,1.2,0.9,0.3,0.6,1.9,8.3,ORL
7,Jalen Suggs,21,53,19,23.5,3.5,8.4,0.419,1.2,3.8,0.327,2.3,4.6,0.496,0.493,1.6,2.2,0.723,1,2,3,2.9,1.3,0.5,1.8,2.3,9.9,ORL
8,Terrence Ross,31,42,9,22.5,3.1,7.1,0.431,1.5,3.8,0.381,1.6,3.3,0.489,0.533,0.4,0.5,0.75,0.2,1.8,2,1.3,0.6,0.2,0.9,1.3,8,ORL
9,Bol Bol,23,70,33,21.5,3.7,6.8,0.546,0.4,1.6,0.265,3.3,5.2,0.633,0.577,1.2,1.5,0.759,1,4.8,5.8,1,0.4,1.2,1.6,1.3,9.1,ORL
10,Moritz Wagner,25,57,18,19.5,3.5,6.9,0.5,0.9,2.9,0.313,2.6,4.1,0.631,0.564,2.7,3.2,0.841,1.2,3.3,4.5,1.5,0.6,0.2,1.2,2.4,10.5,ORL
11,Chuma Okeke,24,27,8,19.2,1.6,4.5,0.352,1,3.2,0.302,0.6,1.3,0.472,0.459,0.6,0.8,0.762,1,2.6,3.6,1.4,0.7,0.4,0.6,1.5,4.7,ORL
12,Mo Bamba,24,40,6,17,2.7,5.4,0.495,1.1,2.7,0.398,1.6,2.7,0.594,0.596,0.9,1.3,0.686,1.2,3.4,4.6,1.1,0.3,1,0.6,2.2,7.3,ORL
13,Caleb Houstan,20,51,4,15.9,1.3,3.6,0.363,0.9,2.7,0.338,0.4,0.9,0.435,0.489,0.3,0.4,0.833,0.7,1.3,1.9,0.6,0.2,0.1,0.4,1.2,3.8,ORL
14,Jay Scrubb,22,2,0,15,2.5,3.5,0.714,1,1,1,1.5,2.5,0.6,0.857,0.5,1,0.5,0,3,3,0.5,1,0,1.5,1,6.5,ORL
15,Goga Bitadze,23,17,1,15,2.5,4.3,0.575,0.1,0.7,0.167,2.4,3.6,0.656,0.589,0.7,1.1,0.667,2.1,3.1,5.2,1.2,0.4,0.9,0.6,1.8,5.8,ORL
16,R.J. Hampton,21,26,0,13.9,1.9,4.4,0.439,0.7,2,0.34,1.2,2.3,0.525,0.518,1.2,1.4,0.838,0.3,1.2,1.5,1.3,0.6,0.2,0.8,0.8,5.7,ORL
17,Kevon Harris,25,34,0,13.4,1.4,3.1,0.439,0.5,1.3,0.372,0.9,1.9,0.484,0.514,0.9,1.2,0.756,0.8,1.2,2.1,0.5,0.5,0.1,0.6,1.6,4.1,ORL
18,Admiral Schofield,25,37,0,12.2,1.5,3.3,0.451,0.6,2,0.324,0.8,1.3,0.646,0.549,0.6,0.6,0.913,0.6,1.1,1.7,0.8,0.2,0.1,0.4,1.6,4.2,ORL
19,Jonathan Isaac,25,11,0,11.3,2,4.8,0.415,0.5,1.4,0.4,1.5,3.5,0.421,0.472,0.5,0.8,0.556,1.4,2.6,4,0.5,1.3,0.4,0.4,0.5,5,ORL
20,Michael Carter-Williams,31,4,0,11,1.5,3.5,0.429,0.3,0.8,0.333,1.3,2.8,0.455,0.464,1,1.8,0.571,0.3,1,1.3,1.8,0.3,0.3,1,1.3,4.3,ORL
1,James Harden,33,58,58,36.8,6.4,14.5,0.441,2.8,7.2,0.385,3.6,7.3,0.495,0.536,5.4,6.2,0.867,0.7,5.4,6.1,10.7,1.2,0.5,3.4,1.9,21,PHI
2,Joel Embiid,28,66,66,34.6,11,20.1,0.548,1,3,0.33,10,17.1,0.587,0.573,10,11.7,0.857,1.7,8.4,10.2,4.2,1,1.7,3.4,3.1,33.1,PHI
3,Tyrese Maxey,22,60,41,33.6,7.3,15.2,0.481,2.7,6.2,0.434,4.7,9.1,0.513,0.568,3,3.6,0.845,0.4,2.6,2.9,3.5,0.8,0.1,1.3,2.2,20.3,PHI
4,Tobias Harris,30,74,74,32.9,5.7,11.4,0.501,1.7,4.4,0.389,4,7,0.57,0.575,1.5,1.7,0.876,0.9,4.8,5.7,2.5,0.9,0.5,1.2,2,14.7,PHI
5,Louis King,23,1,0,29,8,13,0.615,4,8,0.5,4,5,0.8,0.769,0,1,0,2,2,4,2,1,0,2,4,20,PHI
6,De'Anthony Melton,24,77,58,27.9,3.6,8.5,0.425,2,5.2,0.39,1.6,3.2,0.484,0.546,0.9,1.1,0.793,0.9,3.2,4.1,2.6,1.6,0.5,1.3,2.5,10.1,PHI
7,P.J. Tucker,37,75,75,25.6,1.3,3,0.427,0.7,1.9,0.393,0.5,1.1,0.482,0.549,0.3,0.3,0.826,1.3,2.7,3.9,0.8,0.5,0.2,0.6,2.4,3.5,PHI
8,Shake Milton,26,76,11,20.6,3.2,6.6,0.479,0.7,1.9,0.378,2.4,4.7,0.521,0.535,1.3,1.5,0.853,0.5,2,2.5,3.2,0.3,0.2,1.2,1.6,8.4,PHI
9,Mac McClung,24,2,0,20.5,4.5,10,0.45,2,5.5,0.364,2.5,4.5,0.556,0.55,1.5,2.5,0.6,1.5,3.5,5,4.5,0,0,1.5,1.5,12.5,PHI
10,Georges Niang,29,78,1,19.4,2.8,6.4,0.442,2,4.9,0.401,0.9,1.5,0.576,0.596,0.5,0.6,0.867,0.2,2.1,2.4,1,0.4,0.2,0.7,1.9,8.2,PHI
11,Jalen McDaniels,25,24,3,17.5,2.5,5.1,0.488,0.5,1.3,0.4,2,3.9,0.516,0.537,1.2,1.4,0.824,0.8,2.4,3.2,0.8,0.7,0.2,0.5,2.1,6.7,PHI
12,Danuel House Jr.,29,56,5,14.4,1.7,3.5,0.472,0.7,2,0.336,1,1.6,0.644,0.566,0.8,1.1,0.75,0.2,1.5,1.7,0.8,0.3,0.2,0.5,1.2,4.8,PHI
13,Matisse Thybulle,25,49,6,12.1,1,2.4,0.431,0.4,1.3,0.333,0.6,1.1,0.547,0.522,0.2,0.2,0.75,0.4,0.9,1.3,0.5,0.9,0.3,0.2,1.3,2.7,PHI
14,Montrezl Harrell,29,57,7,11.9,2.2,3.7,0.598,0,0.1,0,2.2,3.6,0.616,0.598,1.2,1.8,0.693,1.2,1.6,2.8,0.6,0.3,0.4,0.6,1.3,5.6,PHI
15,Paul Reed,23,69,2,10.9,1.8,3,0.593,0,0.1,0.167,1.8,2.9,0.606,0.596,0.6,0.7,0.745,1.6,2.2,3.8,0.4,0.7,0.7,0.7,1.8,4.2,PHI
16,Dewayne Dedmon,33,8,1,9.5,1.6,2.8,0.591,0.1,0.3,0.5,1.5,2.5,0.6,0.614,0.1,0.6,0.2,0.8,2.4,3.1,1.3,0.3,0.6,0.8,1.8,3.5,PHI
17,Furkan Korkmaz,25,37,0,9.5,1.3,3,0.432,0.5,1.2,0.391,0.8,1.8,0.462,0.514,0.7,1,0.722,0.2,1,1.1,0.6,0.3,0.1,0.6,0.5,3.8,PHI
18,Jaden Springer,20,16,2,5.6,1.1,2.2,0.486,0.1,0.3,0.4,0.9,1.9,0.5,0.514,0.4,0.5,0.75,0.4,0.5,0.9,0.5,0.4,0.2,0.2,0.9,2.6,PHI
19,Saben Lee,23,2,0,5,1.5,2,0.75,0,0.5,0,1.5,1.5,1,0.75,0,0,NA,0,0,0,1,0.5,0,1.5,0.5,3,PHI
20,Julian Champagnie,21,2,0,3.5,0,1,0,0,0.5,0,0,0.5,0,0,0,0,NA,0,0,0,0,0.5,0,0,0,0,PHI
21,Michael Foster Jr.,20,1,0,1,0,0,NA,0,0,NA,0,0,NA,NA,0,0,NA,0,0,0,0,0,0,0,0,0,PHI
1,Mikal Bridges,26,56,56,36.4,6.3,13.6,0.463,1.8,4.7,0.387,4.5,9,0.503,0.529,2.8,3.1,0.897,1,3.3,4.3,3.6,1.2,0.8,1.4,2.1,17.2,PHO
2,Devin Booker,26,53,53,34.6,9.9,20.1,0.494,2.1,6,0.351,7.8,14.2,0.554,0.546,5.8,6.8,0.855,0.9,3.7,4.5,5.5,1,0.3,2.7,3,27.8,PHO
3,Kevin Durant,34,8,8,33.6,9.1,16,0.57,2.8,5.1,0.537,6.4,10.9,0.586,0.656,5,6,0.833,0.4,6,6.4,3.5,0.3,1.3,2.5,0.9,26,PHO
4,Chris Paul,37,59,59,32,5,11.3,0.44,1.7,4.4,0.375,3.3,6.9,0.482,0.513,2.3,2.7,0.831,0.5,3.8,4.3,8.9,1.5,0.4,1.9,2.1,13.9,PHO
5,Deandre Ayton,24,67,67,30.4,7.8,13.2,0.589,0.1,0.4,0.292,7.7,12.9,0.597,0.592,2.3,3,0.76,2.6,7.4,10,1.7,0.6,0.8,1.8,2.8,18,PHO
6,Cameron Johnson,26,17,16,25.2,4.8,10.2,0.474,2.6,5.8,0.455,2.2,4.4,0.5,0.604,1.6,1.9,0.818,0.8,3,3.8,1.5,0.9,0.4,0.6,1.7,13.9,PHO
7,Torrey Craig,32,79,60,24.7,2.9,6.3,0.456,1.3,3.2,0.395,1.6,3.1,0.518,0.556,0.4,0.6,0.711,1.8,3.6,5.4,1.5,0.6,0.8,0.9,2.3,7.4,PHO
8,Damion Lee,30,74,5,20.4,2.7,6.1,0.442,1.5,3.3,0.445,1.2,2.8,0.439,0.564,1.3,1.4,0.904,0.5,2.5,3,1.3,0.4,0.1,1.1,1.6,8.2,PHO
9,Cameron Payne,28,48,15,20.2,3.9,9.4,0.415,1.4,3.9,0.368,2.5,5.6,0.448,0.49,1,1.3,0.766,0.3,2,2.2,4.5,0.7,0.2,1.7,1.8,10.3,PHO
10,Landry Shamet,25,40,9,20.2,2.8,7.5,0.377,1.9,5,0.377,1,2.5,0.376,0.502,1.1,1.3,0.882,0.3,1.4,1.7,2.3,0.7,0.1,0.9,1.5,8.7,PHO
11,Josh Okogie,24,72,26,18.8,2.3,5.8,0.391,0.9,2.7,0.335,1.3,3,0.442,0.471,1.9,2.7,0.724,1.5,2,3.5,1.5,0.8,0.5,0.9,1.6,7.3,PHO
12,Terrence Ross,31,21,0,18.4,3.4,7.9,0.428,1.6,4.7,0.347,1.8,3.2,0.544,0.53,0.6,0.7,0.857,0.6,2.7,3.3,2,0.5,0.1,0.3,2.1,9,PHO
13,Saben Lee,23,23,1,15.8,2,5.1,0.393,0.5,1.3,0.379,1.5,3.8,0.398,0.44,1.8,2.5,0.737,0.6,1.4,2,2.8,0.8,0,0.9,1.3,6.3,PHO
14,Ish Wainright,28,60,2,15.3,1.4,3.8,0.37,1,2.9,0.329,0.5,0.9,0.5,0.496,0.4,0.5,0.839,0.8,1.6,2.3,0.9,0.6,0.4,0.4,2,4.2,PHO
15,Dario Šarić,28,37,12,14.4,2.1,4.8,0.427,0.7,1.9,0.391,1.3,2.9,0.45,0.503,1,1.2,0.818,1.1,2.8,3.8,1.5,0.4,0.1,1,1.9,5.8,PHO
16,Bismack Biyombo,30,61,14,14.3,2,3.4,0.578,0,0,NA,2,3.4,0.578,0.578,0.4,1.1,0.357,1.5,2.8,4.3,0.9,0.3,1.4,0.8,1.9,4.3,PHO
17,Jock Landale,27,69,4,14.2,2.6,4.9,0.528,0.3,1.2,0.25,2.3,3.7,0.621,0.559,1.1,1.5,0.752,1.7,2.3,4.1,1,0.2,0.4,0.9,1.8,6.6,PHO
18,Duane Washington Jr.,22,31,3,12.7,3,8.3,0.367,1.3,3.6,0.36,1.7,4.7,0.372,0.445,0.5,0.8,0.667,0.1,1.1,1.2,2,0.2,0.1,1.1,0.7,7.9,PHO
19,T.J. Warren,29,16,0,12.3,1.9,4.4,0.429,0.4,1.2,0.316,1.5,3.2,0.471,0.471,0.1,0.1,0.5,0.8,2.3,3.1,0.7,0.4,0.3,0.2,1.3,4.2,PHO
20,Darius Bazley,22,7,0,8.7,1.7,3.6,0.48,0.3,1.1,0.25,1.4,2.4,0.588,0.52,0.3,0.7,0.4,0.7,1.6,2.3,0.9,0.4,0.7,0.7,1.3,4,PHO
1,Damian Lillard,32,58,58,36.3,9.6,20.7,0.463,4.2,11.3,0.371,5.4,9.4,0.574,0.564,8.8,9.6,0.914,0.8,4,4.8,7.3,0.9,0.3,3.3,1.9,32.2,POR
2,Jerami Grant,28,63,63,35.7,6.9,14.5,0.475,2.3,5.7,0.401,4.6,8.8,0.523,0.554,4.4,5.4,0.813,0.8,3.7,4.5,2.4,0.8,0.8,1.8,2.4,20.5,POR
3,Anfernee Simons,23,62,62,35,7.5,16.9,0.447,3.4,9.1,0.377,4.1,7.8,0.528,0.548,2.6,2.9,0.894,0.3,2.3,2.6,4.1,0.7,0.2,2.1,2.3,21.1,POR
4,Josh Hart,27,51,51,33.4,3.6,7.1,0.504,0.7,2.2,0.304,2.9,4.9,0.594,0.551,1.7,2.3,0.731,1.9,6.3,8.2,3.9,1.1,0.2,1.5,2.6,9.5,POR
5,Skylar Mays,25,6,6,31.5,5.7,11.3,0.5,2,4.3,0.462,3.7,7,0.524,0.588,2,2.2,0.923,0.3,2.8,3.2,8.3,1,0.2,1.7,1.8,15.3,POR
6,Matisse Thybulle,25,22,22,27.7,2.7,6.2,0.438,1.5,3.9,0.388,1.2,2.4,0.519,0.558,0.5,0.7,0.625,0.9,2.6,3.5,1.4,1.7,0.8,0.7,2.2,7.4,POR
7,Cam Reddish,23,20,12,27.6,3.9,8.8,0.443,1.4,4.4,0.318,2.5,4.4,0.568,0.523,1.8,2.1,0.833,0.6,2.3,2.9,1.9,1.2,0.3,1.6,2,11,POR
8,Justise Winslow,26,29,11,26.8,2.8,6.8,0.409,0.5,1.6,0.311,2.3,5.3,0.438,0.444,0.7,1,0.714,1.7,3.3,5,3.4,1,0.4,1.5,3.1,6.8,POR
9,Jusuf Nurkić,28,52,52,26.8,5,9.7,0.519,0.8,2.3,0.361,4.2,7.4,0.567,0.561,2.4,3.7,0.661,2.2,6.9,9.1,2.9,0.8,0.8,2.3,3.6,13.3,POR
10,Jeenathan Williams,23,5,4,25.4,4.8,7.8,0.615,0.6,1.6,0.375,4.2,6.2,0.677,0.654,0.4,0.6,0.667,2,1,3,2,0.6,0.4,0.8,2.6,10.6,POR
11,Shaquille Harrison,29,5,0,24,3,7.2,0.417,0.6,2,0.3,2.4,5.2,0.462,0.458,2.2,3,0.733,0.2,4.2,4.4,6,2.2,0.4,1.2,2.4,8.8,POR
12,Justin Minaya,23,4,0,22.3,1.8,5.8,0.304,0.8,3,0.25,1,2.8,0.364,0.37,0,0.3,0,0.8,3,3.8,1,0.5,1.3,1,2.3,4.3,POR
13,Shaedon Sharpe,19,80,15,22.2,3.8,8.1,0.472,1.3,3.5,0.36,2.6,4.6,0.559,0.551,0.9,1.3,0.714,0.8,2.2,3,1.2,0.5,0.3,1,1.7,9.9,POR
14,Chance Comanche,26,1,0,21,3,5,0.6,0,0,NA,3,5,0.6,0.6,1,4,0.25,2,1,3,0,0,1,0,0,7,POR
15,Drew Eubanks,25,78,28,20.3,2.7,4.3,0.641,0.1,0.2,0.389,2.7,4.1,0.655,0.651,1.1,1.6,0.664,1.7,3.7,5.4,1.3,0.5,1.3,0.9,2.2,6.6,POR
16,Trendon Watford,22,62,12,19.1,2.9,5.2,0.56,0.4,1,0.391,2.5,4.2,0.602,0.599,1.2,1.6,0.72,0.7,3.2,3.8,2.1,0.5,0.2,1.1,1.9,7.4,POR
17,Nassir Little,22,54,4,18.1,2.5,5.6,0.442,1.1,2.9,0.367,1.4,2.7,0.524,0.538,0.6,0.9,0.717,0.5,2.1,2.6,0.9,0.4,0.4,0.7,1.2,6.6,POR
18,Kevin Knox,23,21,4,17.1,3.2,7.3,0.444,1,3.3,0.314,2.2,4,0.554,0.516,1,1.3,0.741,0.7,2.6,3.3,0.9,0.5,0,0.9,1,8.5,POR
19,Gary Payton II,30,15,1,17,1.6,2.7,0.585,0.6,1.1,0.529,1,1.6,0.625,0.695,0.3,0.3,1,0.7,1.9,2.6,1.5,1.1,0.1,0.8,1.9,4.1,POR
20,Ryan Arcidiacono,28,9,4,16.2,0.9,3.6,0.25,0.8,2.2,0.35,0.1,1.3,0.083,0.359,0,0,NA,0,1.2,1.2,2.3,0.3,0,0.7,1.6,2.6,POR
21,John Butler,20,19,1,11.6,0.9,2.8,0.321,0.4,1.8,0.229,0.5,0.9,0.5,0.396,0.2,0.2,0.75,0.2,0.7,0.9,0.6,0.4,0.5,0.1,1.2,2.4,POR
22,Jabari Walker,20,56,0,11.1,1.5,3.5,0.419,0.3,1,0.286,1.2,2.5,0.472,0.46,0.6,0.8,0.756,0.9,1.5,2.3,0.6,0.2,0.2,0.5,1.2,3.9,POR
23,Keon Johnson,20,40,0,10.4,1.7,4.5,0.376,0.7,2,0.346,1,2.4,0.402,0.455,0.7,1,0.659,0.3,0.8,1.1,1.5,0.5,0.2,1.1,1.1,4.7,POR
24,Greg Brown III,21,16,0,5.8,0.7,1.8,0.393,0.1,0.4,0.143,0.6,1.3,0.476,0.411,0.3,0.8,0.417,0.1,1.1,1.2,0.2,0.3,0.3,0.4,0.8,1.8,POR
1,Domantas Sabonis,26,79,79,34.6,7.3,11.9,0.615,0.4,1.1,0.373,6.9,10.8,0.639,0.632,4.1,5.5,0.742,3.2,9.1,12.3,7.3,0.8,0.5,2.9,3.5,19.1,SAC
2,De'Aaron Fox,25,73,73,33.4,9.3,18.2,0.512,1.6,5,0.324,7.7,13.2,0.584,0.557,4.7,6,0.78,0.5,3.6,4.2,6.1,1.1,0.3,2.5,2.4,25,SAC
3,Harrison Barnes,30,82,82,32.5,4.6,9.6,0.473,1.6,4.3,0.374,3,5.3,0.553,0.556,4.3,5,0.847,1.1,3.4,4.5,1.6,0.7,0.1,1,1.3,15,SAC
4,Keegan Murray,22,80,78,29.8,4.4,9.8,0.453,2.6,6.3,0.411,1.9,3.5,0.527,0.584,0.8,1,0.765,1.1,3.5,4.6,1.2,0.8,0.5,0.8,2,12.2,SAC
5,Kevin Huerter,24,75,75,29.4,5.6,11.5,0.485,2.7,6.8,0.402,2.9,4.7,0.604,0.603,1.3,1.7,0.725,0.6,2.8,3.3,2.9,1.1,0.3,1.3,2.4,15.2,SAC
6,Malik Monk,24,77,0,22.3,4.6,10.3,0.448,1.9,5.2,0.359,2.8,5.2,0.538,0.538,2.4,2.7,0.889,0.4,2.2,2.6,3.9,0.6,0.3,1.9,1.6,13.5,SAC
7,Davion Mitchell,24,80,9,18.1,2.3,5,0.454,0.8,2.5,0.32,1.5,2.5,0.584,0.533,0.3,0.4,0.806,0.2,1.1,1.3,2.3,0.6,0.2,0.8,1.4,5.6,SAC
8,Trey Lyles,27,74,0,16.9,2.5,5.5,0.458,1.2,3.2,0.363,1.4,2.3,0.595,0.565,1.4,1.7,0.815,0.9,3.1,4.1,0.9,0.4,0.4,0.9,1.3,7.6,SAC
9,Kessler Edwards,22,22,3,13.9,1.4,3.1,0.435,0.7,2,0.349,0.7,1.2,0.577,0.543,0.5,0.6,0.769,0.8,1.4,2.1,1,0.5,0.2,0.4,1.7,3.9,SAC
10,Terence Davis,25,64,5,13.1,2.4,5.7,0.423,1.4,3.8,0.366,1,1.9,0.537,0.545,0.5,0.7,0.791,0.3,1.9,2.2,1,0.7,0.2,0.8,1.6,6.7,SAC
11,Chimezie Metu,25,66,0,10.4,2,3.3,0.589,0.1,0.6,0.237,1.8,2.7,0.663,0.61,0.8,1.1,0.74,0.7,2.3,3,0.6,0.3,0.3,0.5,1.2,4.9,SAC
12,Richaun Holmes,29,42,1,8.3,1.3,2.1,0.618,0.1,0.2,0.625,1.2,1.9,0.617,0.646,0.4,0.5,0.789,0.7,1.2,1.9,0.2,0.1,0.3,0.3,1.2,3.1,SAC
13,KZ Okpala,23,35,3,7.1,0.5,1.1,0.421,0.2,0.6,0.333,0.3,0.5,0.529,0.513,0.2,0.2,0.875,0.2,0.8,1,0.4,0.2,0.2,0.2,1.1,1.3,SAC
14,Matthew Dellavedova,32,32,0,6.7,0.5,1.6,0.34,0.3,0.8,0.333,0.3,0.7,0.348,0.43,0.1,0.2,0.571,0,0.4,0.4,1.3,0.2,0,0.3,0.6,1.5,SAC
15,Alex Len,29,26,2,6.2,0.6,1.2,0.533,0,0.1,0,0.6,1.1,0.571,0.533,0.4,0.6,0.688,0.9,1.4,2.3,0.5,0.2,0.4,0.6,1.1,1.7,SAC
16,Neemias Queta,23,5,0,5.8,1.2,1.8,0.667,0,0,NA,1.2,1.8,0.667,0.667,0,0.4,0,1,1.2,2.2,0.2,0,0.4,0.2,1.4,2.4,SAC
17,PJ Dozier,26,16,0,4.9,0.6,2.1,0.303,0.1,1,0.125,0.5,1.1,0.471,0.333,0,0,NA,0.1,0.8,0.9,0.6,0.4,0.1,0.3,0.4,1.4,SAC
18,Keon Ellis,23,16,0,4.4,0.4,1,0.438,0.4,0.8,0.5,0.1,0.3,0.25,0.625,0.3,0.4,0.571,0.3,0.3,0.5,0.4,0.3,0.1,0.1,0.6,1.5,SAC
19,Chima Moneke,27,2,0,4,0.5,1,0.5,0,0,NA,0.5,1,0.5,0.5,0,1,0,1,0,1,0.5,0,0,1,1,1,SAC
20,Deonte Burton,29,2,0,3,0,1,0,0,0.5,0,0,0.5,0,0,0,0,NA,0,0,0,0,0,0,0,0,0,SAC
1,Keldon Johnson,23,63,63,32.7,8,17.7,0.452,2.1,6.5,0.329,5.9,11.2,0.523,0.512,3.9,5.2,0.749,0.9,4.2,5,2.9,0.7,0.2,2.1,2,22,SAS
2,Devin Vassell,22,38,32,31,6.9,15.7,0.439,2.7,7,0.387,4.2,8.7,0.48,0.525,2.1,2.6,0.78,0.2,3.7,3.9,3.6,1.1,0.4,1.5,1.5,18.5,SAS
3,Tre Jones,23,68,65,29.2,5,10.9,0.459,0.7,2.3,0.285,4.4,8.6,0.506,0.489,2.2,2.5,0.86,0.8,2.8,3.6,6.6,1.3,0.1,1.6,1.4,12.9,SAS
4,Devonte' Graham,27,20,8,26.4,3.8,10,0.38,2.7,7.4,0.358,1.2,2.6,0.442,0.513,2.7,3.6,0.75,0.4,2.2,2.5,4,0.8,0.3,1.3,1.6,13,SAS
5,Jakob Poeltl,27,46,46,26.1,5.2,8.4,0.616,0,0,0,5.2,8.4,0.618,0.616,1.7,2.8,0.605,3.3,5.7,9,3.1,0.8,1.1,2.1,2.6,12.1,SAS
6,Jeremy Sochan,19,56,53,26,4.5,9.9,0.453,0.6,2.4,0.246,3.9,7.5,0.519,0.483,1.4,2.1,0.698,1.7,3.6,5.3,2.5,0.8,0.4,1.7,2.5,11,SAS
7,Josh Richardson,29,42,6,23.7,4.2,9.7,0.436,1.8,4.9,0.357,2.5,4.7,0.518,0.527,1.3,1.4,0.883,0.7,2.1,2.8,3.3,1,0.3,1.5,1.7,11.5,SAS
8,Malaki Branham,19,66,32,23.5,4.1,9.3,0.44,1.2,3.9,0.302,2.9,5.4,0.539,0.503,0.9,1.1,0.829,0.4,2.3,2.7,1.9,0.5,0.1,1.2,1.7,10.2,SAS
9,Joshua Primo,20,4,0,23.3,2.3,6.5,0.346,0.8,3,0.25,1.5,3.5,0.429,0.404,1.8,2.3,0.778,0.5,2.8,3.3,4.5,0.3,0.5,2.8,2,7,SAS
10,Sandro Mamukelashvili,23,19,7,23.3,4.1,9.1,0.453,1.2,3.5,0.343,2.9,5.5,0.524,0.52,1.4,2.1,0.692,2.7,4.1,6.8,2.4,0.5,0.4,1.4,1.7,10.8,SAS
11,Zach Collins,25,63,26,22.9,4.5,8.7,0.518,0.9,2.3,0.374,3.6,6.4,0.571,0.568,1.7,2.3,0.761,1.8,4.5,6.4,2.9,0.6,0.8,2,3.2,11.6,SAS
12,Keita Bates-Diop,27,67,42,21.7,3.5,6.9,0.508,0.8,2.1,0.394,2.7,4.8,0.557,0.568,1.8,2.2,0.793,1,2.7,3.7,1.5,0.7,0.3,0.8,0.9,9.7,SAS
13,Julian Champagnie,21,15,3,20.9,3.9,8.5,0.461,2.2,5.4,0.407,1.7,3.1,0.553,0.59,0.9,1.1,0.824,0.7,3.3,4,0.7,0.3,0.3,0.7,1.7,11,SAS
14,Doug McDermott,31,64,0,20.5,3.7,8.2,0.457,1.9,4.7,0.413,1.8,3.5,0.516,0.575,0.8,1.1,0.757,0.4,1.8,2.2,1.4,0.2,0.1,0.9,1.8,10.2,SAS
15,Romeo Langford,23,43,21,19.6,2.8,6,0.467,0.4,1.4,0.262,2.4,4.6,0.53,0.498,0.9,1.3,0.696,1.3,1.3,2.7,1.2,0.6,0.3,0.7,1.6,6.9,SAS
16,Blake Wesley,19,37,1,18.1,1.9,5.8,0.321,0.5,1.4,0.385,1.3,4.4,0.301,0.367,0.7,1.2,0.591,0.3,1.9,2.2,2.7,0.7,0.1,1.8,1.8,5,SAS
17,Stanley Johnson,26,30,0,15.6,2.2,4.1,0.533,0.6,1.3,0.45,1.6,2.7,0.573,0.607,0.9,1.3,0.667,0.7,2.4,3.2,2.2,0.5,0.2,1.1,1.6,5.8,SAS
18,Dominick Barlow,19,28,0,14.6,1.6,3.1,0.535,0,0.1,0,1.6,2.9,0.561,0.535,0.6,0.9,0.72,1.6,2,3.6,0.9,0.4,0.7,0.5,2,3.9,SAS
19,Charles Bassey,22,35,2,14.5,2.5,3.9,0.644,0.1,0.2,0.375,2.4,3.6,0.661,0.656,0.6,1.1,0.595,2.1,3.4,5.5,1.3,0.5,0.9,1.2,2.1,5.7,SAS
20,Gorgui Dieng,33,31,1,11.5,1.5,3.8,0.385,0.7,2.4,0.28,0.8,1.4,0.571,0.474,0.3,0.4,0.769,0.9,2.6,3.5,1.7,0.1,0.5,1,1.8,3.9,SAS
21,Isaiah Roby,24,42,2,11.3,1.6,3.7,0.432,0.4,1.4,0.3,1.2,2.3,0.516,0.49,0.5,1,0.488,0.5,2,2.5,0.9,0.4,0.2,0.7,1.3,4.1,SAS
22,Jordan Hall,21,9,0,9.2,1,3.1,0.321,0.3,1.7,0.2,0.7,1.4,0.462,0.375,0.8,1,0.778,0.3,1,1.3,1.2,0.1,0,0.8,0.7,3.1,SAS
23,Alize Johnson,26,4,0,7.5,0.8,1.5,0.5,0,0.5,0,0.8,1,0.75,0.5,0.3,0.5,0.5,0.5,2,2.5,0.3,0.3,0,1,0.8,1.8,SAS
1,Pascal Siakam,28,71,71,37.4,8.9,18.5,0.48,1.3,4,0.324,7.6,14.5,0.523,0.515,5.2,6.7,0.774,1.8,6,7.8,5.8,0.9,0.5,2.4,3.2,24.2,TOR
2,Fred VanVleet,28,69,69,36.7,6.3,16.1,0.393,3,8.8,0.342,3.3,7.3,0.455,0.486,3.7,4.1,0.898,0.4,3.6,4.1,7.2,1.8,0.6,2,2.8,19.3,TOR
3,OG Anunoby,25,67,67,35.6,6.3,13.2,0.476,2.1,5.5,0.387,4.2,7.7,0.539,0.556,2.1,2.5,0.838,1.4,3.5,5,2,1.9,0.7,2,3,16.8,TOR
4,Scottie Barnes,21,77,76,34.8,6,13.2,0.456,0.8,2.9,0.281,5.2,10.3,0.505,0.487,2.5,3.2,0.772,2.3,4.3,6.6,4.8,1.1,0.8,2,2.2,15.3,TOR
5,Gary Trent Jr.,24,66,44,32.1,6.1,14.2,0.433,2.5,6.8,0.369,3.6,7.3,0.493,0.522,2.6,3.1,0.839,0.5,2.2,2.6,1.6,1.6,0.2,0.8,1.5,17.4,TOR
6,Jakob Poeltl,27,26,25,27.2,5.8,8.8,0.652,0,0,NA,5.8,8.8,0.652,0.652,1.6,2.8,0.569,3.2,5.9,9.1,2.2,1.2,1.3,1.1,3,13.1,TOR
7,Precious Achiuwa,23,55,12,20.7,3.6,7.3,0.485,0.5,2,0.269,3,5.4,0.564,0.521,1.6,2.3,0.702,1.8,4.1,6,0.9,0.6,0.5,1.1,1.9,9.2,TOR
8,Chris Boucher,30,76,0,20,3.4,7,0.493,0.8,2.5,0.328,2.6,4.5,0.585,0.552,1.7,2.2,0.762,2.1,3.5,5.5,0.4,0.6,0.8,0.5,1.9,9.4,TOR
9,Otto Porter Jr.,29,8,2,18.3,1.9,3.8,0.5,0.8,2.1,0.353,1.1,1.6,0.692,0.6,1,1,1,0.8,1.6,2.4,1,1.4,0,0.5,0.9,5.5,TOR
10,Thaddeus Young,34,54,9,14.7,2,3.7,0.545,0.1,0.6,0.176,1.9,3,0.622,0.561,0.3,0.5,0.692,1.3,1.8,3.1,1.4,1,0.1,0.8,1.6,4.4,TOR
11,Juancho Hernangómez,27,42,10,14.6,1.1,2.7,0.421,0.4,1.6,0.254,0.7,1.1,0.66,0.496,0.2,0.4,0.563,0.6,2.3,2.9,0.6,0.4,0.1,0.4,1,2.9,TOR
12,Christian Koloko,22,58,19,13.8,1.2,2.6,0.48,0,0.2,0.083,1.2,2.4,0.514,0.483,0.6,1,0.627,1.4,1.5,2.9,0.5,0.4,1,0.3,2.2,3.1,TOR
13,Will Barton,32,16,2,13.2,1.8,4.9,0.354,0.9,2.6,0.333,0.9,2.3,0.378,0.443,0.1,0.1,1,0.3,1.3,1.6,1.1,0.7,0.2,0.2,1.1,4.5,TOR
14,Malachi Flynn,24,53,2,13,1.6,4.6,0.36,0.9,2.5,0.353,0.8,2.1,0.367,0.457,0.5,0.6,0.758,0.3,1.2,1.4,1.3,0.4,0.1,0.5,1.2,4.6,TOR
15,Jeff Dowtin,25,25,0,10.4,1,2.3,0.439,0.2,0.6,0.313,0.8,1.6,0.488,0.482,0.2,0.4,0.667,0.2,0.7,0.9,1.2,0.4,0.1,0.2,0.5,2.4,TOR
16,Dalano Banton,23,31,2,9,1.8,4.2,0.423,0.5,1.6,0.294,1.3,2.5,0.506,0.481,0.5,0.8,0.708,0.4,1.1,1.5,1.2,0.4,0.4,0.6,1.1,4.6,TOR
17,Khem Birch,30,20,0,8.1,1,1.6,0.594,0.1,0.1,0.5,0.9,1.5,0.6,0.609,0.2,0.3,0.8,0.4,0.9,1.3,0.4,0.3,0.3,0.4,1.2,2.2,TOR
18,Joe Wieskamp,23,9,0,5.6,0.3,1.6,0.214,0.3,1.3,0.25,0,0.2,0,0.321,0,0,NA,0,0.4,0.4,0.3,0,0,0.1,0.3,1,TOR
19,Ron Harper Jr.,22,9,0,5.3,0.9,1.8,0.5,0.3,1,0.333,0.6,0.8,0.714,0.594,0.1,0.1,1,0.3,0.4,0.8,0.4,0,0.1,0,0.3,2.2,TOR
20,Justin Champagnie,21,3,0,3.7,1,1,1,0,0,NA,1,1,1,1,0,0,NA,0.3,1,1.3,0.3,0,0,0,0.3,2,TOR
1,Lauri Markkanen,25,66,66,34.4,8.7,17.3,0.499,3,7.7,0.391,5.6,9.6,0.585,0.586,5.3,6,0.875,2,6.7,8.6,1.9,0.6,0.6,1.9,2.1,25.6,UTA
2,Jordan Clarkson,30,61,61,32.6,7.5,16.9,0.444,2.5,7.5,0.338,5,9.4,0.53,0.519,3.3,4,0.816,1.2,2.9,4,4.4,0.5,0.2,3,2,20.8,UTA
3,Mike Conley,35,43,42,29.7,3.6,8.7,0.408,1.8,5,0.362,1.8,3.8,0.469,0.511,1.8,2.2,0.813,0.4,2.1,2.5,7.7,1,0.2,1.7,2.2,10.7,UTA
4,Kelly Olynyk,31,68,68,28.6,4.1,8.2,0.499,1.4,3.5,0.394,2.7,4.7,0.576,0.583,2.9,3.4,0.853,1.2,5,6.2,3.7,0.9,0.5,2.5,3.4,12.5,UTA
5,Malik Beasley,26,55,13,26.8,4.8,12.2,0.396,3.1,8.6,0.359,1.7,3.6,0.485,0.522,0.7,0.8,0.841,0.5,3.1,3.6,1.7,0.8,0.1,1.1,1.4,13.4,UTA
6,Kris Dunn,28,22,3,25.8,5.3,9.8,0.537,0.8,1.6,0.472,4.5,8.2,0.55,0.576,1.9,2.4,0.774,0.4,4.1,4.5,5.6,1.1,0.5,1.6,2.6,13.2,UTA
7,Jarred Vanderbilt,23,52,41,24.1,3.3,6,0.556,0.4,1.1,0.333,3,4.9,0.606,0.587,1.3,2,0.657,2.3,5.5,7.9,2.7,1,0.3,1.3,2.6,8.3,UTA
8,Collin Sexton,24,48,15,23.9,4.9,9.8,0.506,1,2.5,0.393,3.9,7.2,0.546,0.558,3.4,4.1,0.819,0.8,1.4,2.2,2.9,0.6,0.1,1.8,2.3,14.3,UTA
9,Luka Šamanić,23,7,4,23,3.7,8.1,0.456,1.1,4.4,0.258,2.6,3.7,0.692,0.526,1.3,1.9,0.692,0,4.3,4.3,2.1,0.9,0.3,1.4,2.4,9.9,UTA
10,Walker Kessler,21,74,40,23,4,5.6,0.72,0,0,0.333,4,5.6,0.723,0.721,1.1,2.1,0.516,3.1,5.3,8.4,0.9,0.4,2.3,0.8,2.3,9.2,UTA
11,Ochai Agbaji,22,59,22,20.5,2.8,6.5,0.427,1.4,3.9,0.355,1.4,2.7,0.532,0.532,0.9,1.2,0.812,0.7,1.3,2.1,1.1,0.3,0.3,0.7,1.7,7.9,UTA
12,Talen Horton-Tucker,22,65,20,20.2,4,9.4,0.419,0.9,3.1,0.286,3.1,6.3,0.485,0.467,1.9,2.6,0.75,0.6,2.6,3.2,3.8,0.6,0.4,1.9,1.7,10.7,UTA
13,Damian Jones,27,19,0,15.8,1.8,2.6,0.714,0.5,0.7,0.714,1.3,1.8,0.714,0.816,0.4,0.5,0.778,1.3,2.3,3.5,0.6,0.3,0.5,0.7,2,4.6,UTA
14,Juan Toscano-Anderson,29,22,2,15.2,1.4,3.5,0.403,0.2,1,0.174,1.2,2.5,0.5,0.429,0.4,0.4,0.889,0.6,2.2,2.9,1.8,0.3,0.1,0.8,1.5,3.4,UTA
15,Simone Fontecchio,27,52,6,14.7,2.2,6,0.369,1.2,3.7,0.33,1,2.3,0.43,0.47,0.7,0.8,0.795,0.6,1.1,1.7,0.8,0.3,0.2,0.8,1.2,6.3,UTA
16,Nickeil Alexander-Walker,24,36,3,14.7,2.3,4.7,0.488,1,2.4,0.402,1.3,2.3,0.578,0.591,0.8,1.1,0.692,0.2,1.4,1.6,2.1,0.7,0.4,1.3,1.6,6.3,UTA
17,Rudy Gay,36,56,0,14.6,1.9,5.1,0.38,0.6,2.3,0.254,1.4,2.8,0.484,0.437,0.8,0.9,0.857,0.6,2.3,2.9,1,0.3,0.3,0.7,1.2,5.2,UTA
18,Johnny Juzang,21,18,0,12.9,1.9,5.8,0.337,0.8,3.5,0.238,1.1,2.3,0.488,0.409,0.1,0.2,0.5,0.4,1.7,2.2,0.4,0.2,0.2,0.2,0.7,4.8,UTA
19,Udoka Azubuike,23,36,4,10,1.6,2,0.819,0,0,NA,1.6,2,0.819,0.819,0.2,0.6,0.35,0.9,2.4,3.3,0.3,0.2,0.4,0.5,0.9,3.5,UTA
20,Jarrell Brantley,26,4,0,9.8,2,3.5,0.571,1,2.3,0.444,1,1.3,0.8,0.714,0.5,0.5,1,0.3,1.3,1.5,0.8,0,0.5,0.5,0.8,5.5,UTA
21,Micah Potter,24,7,0,7.4,1.4,2.1,0.667,0.6,1,0.571,0.9,1.1,0.75,0.8,0,0,NA,0.4,1.9,2.3,0.6,0.1,0,0.3,0.7,3.4,UTA
22,Frank Jackson,24,1,0,5,0,3,0,0,1,0,0,2,0,0,0,0,NA,1,1,2,1,0,0,0,0,0,UTA
23,Leandro Bolmaro,22,14,0,4.9,0.2,1.4,0.15,0,0.3,0,0.2,1.1,0.188,0.15,0,0,NA,0.3,0.2,0.5,0.5,0.2,0.1,0.5,0.7,0.4,UTA
1,Kyle Kuzma,27,64,64,35,8,17.8,0.448,2.5,7.5,0.333,5.5,10.3,0.533,0.518,2.7,3.7,0.73,0.9,6.4,7.2,3.7,0.6,0.5,3,2.3,21.2,WAS
2,Bradley Beal,29,50,50,33.5,8.9,17.6,0.506,1.6,4.4,0.365,7.3,13.2,0.552,0.551,3.8,4.6,0.842,0.8,3.1,3.9,5.4,0.9,0.7,2.9,2.1,23.2,WAS
3,Kristaps Porziņģis,27,65,65,32.6,7.8,15.7,0.498,2.1,5.5,0.385,5.7,10.2,0.559,0.565,5.4,6.4,0.851,1.8,6.6,8.4,2.7,0.9,1.5,2.1,3,23.2,WAS
4,Corey Kispert,23,74,45,28.3,3.9,7.9,0.497,2.2,5.2,0.424,1.7,2.7,0.637,0.637,1,1.2,0.852,0.4,2.4,2.8,1.2,0.4,0.1,0.7,1.3,11.1,WAS
5,Monte Morris,27,62,61,27.3,4,8.3,0.48,1.3,3.3,0.382,2.7,5,0.543,0.555,1,1.2,0.831,0.4,3,3.4,5.3,0.7,0.2,1,1.2,10.3,WAS
6,Deni Avdija,22,76,40,26.6,3.3,7.6,0.437,0.9,3.1,0.297,2.4,4.6,0.53,0.497,1.6,2.2,0.739,1,5.4,6.4,2.8,0.9,0.4,1.6,2.8,9.2,WAS
7,Delon Wright,30,50,14,24.4,2.8,5.8,0.474,0.8,2.4,0.345,1.9,3.4,0.564,0.545,1,1.2,0.867,1.2,2.4,3.6,3.9,1.8,0.3,0.9,1.2,7.4,WAS
8,Rui Hachimura,24,30,0,24.3,5.3,10.8,0.488,1,3,0.337,4.3,7.8,0.545,0.534,1.5,1.9,0.759,0.6,3.6,4.3,1.2,0.4,0.4,1.2,1.3,13,WAS
9,Daniel Gafford,24,78,47,20.6,3.7,5.1,0.732,0,0,NA,3.7,5.1,0.732,0.732,1.6,2.4,0.679,2.1,3.5,5.6,1.1,0.4,1.3,1.1,2.4,9,WAS
10,Will Barton,32,40,0,19.6,2.8,7.1,0.386,1.3,3.5,0.377,1.5,3.7,0.395,0.477,0.9,1.1,0.778,0.3,2.5,2.8,2.4,0.4,0.3,1.1,1,7.7,WAS
11,Jordan Goodwin,24,62,7,17.8,2.5,5.7,0.448,0.6,1.9,0.322,1.9,3.8,0.511,0.501,0.9,1.1,0.768,0.9,2.4,3.3,2.7,0.9,0.4,0.9,1.5,6.6,WAS
12,Johnny Davis,20,28,5,15.1,2.4,6.1,0.386,0.6,2.5,0.243,1.8,3.6,0.485,0.436,0.5,1,0.519,0.4,2,2.3,1,0.4,0.3,0.6,1.7,5.8,WAS
13,Quenton Jackson,24,9,0,15,2.1,4.7,0.452,0.1,1.3,0.083,2,3.3,0.6,0.464,1.9,2.4,0.773,0.2,0.7,0.9,1.7,0.4,0.1,0.4,1.1,6.2,WAS
14,Kendrick Nunn,27,31,0,14.1,2.9,6.4,0.447,1.2,3.1,0.392,1.6,3.3,0.5,0.543,0.6,0.6,0.9,0.3,1.4,1.7,1.8,0.5,0.1,1.1,1,7.5,WAS
15,Jay Huff,24,7,0,13.6,2.1,3.6,0.6,0.9,1.7,0.5,1.3,1.9,0.692,0.72,2.1,2.3,0.938,0.9,2.1,3,1.4,0.4,0.6,0.7,2.1,7.3,WAS
16,Xavier Cooks,27,10,1,12.6,1.7,2.8,0.607,0,0.1,0,1.7,2.7,0.63,0.607,0.4,1,0.4,1.6,2.2,3.8,0.6,0.6,0.4,0.8,1.3,3.8,WAS
17,Anthony Gill,30,59,8,10.6,1.2,2.2,0.538,0.1,0.5,0.138,1.1,1.7,0.65,0.553,0.8,1.1,0.731,0.6,1.1,1.7,0.6,0.1,0.2,0.3,1.2,3.3,WAS
18,Isaiah Todd,21,6,1,10.2,0.5,3.2,0.158,0.2,1.7,0.1,0.3,1.5,0.222,0.184,0.3,0.3,1,0.3,1.7,2,0.7,0.2,0,0.3,0.7,1.5,WAS
19,Taj Gibson,37,49,2,9.8,1.3,2.6,0.52,0.2,0.5,0.333,1.2,2.1,0.564,0.552,0.6,0.9,0.714,0.7,1.2,1.9,0.7,0.3,0.2,0.5,1.7,3.4,WAS
20,Devon Dotson,23,6,0,8.8,0.2,1.7,0.1,0.2,0.7,0.25,0,1,0,0.15,0,0,NA,1,0.7,1.7,1.3,0.8,0,0.5,1.5,0.5,WAS
21,Jamaree Bouyea,23,1,0,6,0,1,0,0,1,0,0,0,NA,0,0,0,NA,0,1,1,0,0,0,0,1,0,WAS
22,Jordan Schakel,24,2,0,3,0.5,1,0.5,0.5,0.5,1,0,0.5,0,0.75,0,0,NA,0,0,0,0.5,0.5,0,0,0.5,1.5,WAS
23,Vernon Carey Jr.,21,11,0,2.5,0.2,0.7,0.25,0,0,NA,0.2,0.7,0.25,0.25,0.2,0.2,1,0.3,0.7,1,0.3,0.2,0.2,0.2,0.5,0.5,WAS
